"number","title","body","createdAt","updatedAt","Duration time (Days)","Completion time (Days)","pipelineIssue.pipeline.name","labels.nodes","zenhubLabels.nodes","repository.name","parentZenhubEpics.nodes","assignees.nodes","zenhubAssignees.nodes","comments.nodes","Days from Creation"
"https://app.zenhub.com/workspaces/64b65bd28a23b42f3ece620a/issues/zh/4312","用户反馈-CF拦截导致报错403！","1、探索页recommend接口报错403！

<img width=""719"" src=""https://api.zenhub.com/attachedFiles/eyJfcmFpbHMiOnsibWVzc2FnZSI6IkJBaHBBOVI4QlE9PSIsImV4cCI6bnVsbCwicHVyIjoiYmxvYl9pZCJ9fQ==--37af6cd85b93b59a45d2439a10424fe279e4b7d7/image.png"" alt=""image.png"" />

具体问题：网页掉线 接口报错403
操作步骤：探索页一直刷新页面 偶现接口报错
期望结果：正常展示
环境信息
操作系统：Windows 10
浏览器/应用版本：版本 125.0.6422.142（正式版本）
设备信息：Chrome浏览器
时间戳
发生时间：6/20
频率
问题频率：很偶现

","2024-06-20 22:57:00","2024-06-27 16:43:23",32,"","New Issues","[]","{'name': 'enhancement'}, {'name': 'server'}, {'name': 'prod issue'}, {'name': 'critical'}","Engineers","[{'title': '主站-问题反馈/优化'}]","[]","{'name': 'vinstic'}","[{'body': '2、search 也返回 403 了\n<img width=""720"" src=""https://api.zenhub.com/attachedFiles/eyJfcmFpbHMiOnsibWVzc2FnZSI6IkJBaHBBNkdYQlE9PSIsImV4cCI6bnVsbCwicHVyIjoiYmxvYl9pZCJ9fQ==--f3556bfef3c48efcca26b5fd4f7cc109f42b17aa/image.png"" alt=""image.png"" />\n\n<img width=""369"" src=""https://api.zenhub.com/attachedFiles/eyJfcmFpbHMiOnsibWVzc2FnZSI6IkJBaHBBNktYQlE9PSIsImV4cCI6bnVsbCwicHVyIjoiYmxvYl9pZCJ9fQ==--2325a1f69200d89f3999eb412337c0409dc53f63/image.png"" alt=""image.png"" />\n\n具体问题：网页掉线 接口报错403\n操作步骤：搜索框输入文字点击搜索\n环境信息\n操作系统：mac\n浏览器/应用版本：\n设备信息：Chrome浏览器\n时间戳\n发生时间：6/27\n频率\n问题频率：很偶现\n\n\n'}, {'body': '3、进入质押页面报错403！\n<img width=""720"" src=""https://api.zenhub.com/attachedFiles/eyJfcmFpbHMiOnsibWVzc2FnZSI6IkJBaHBBeVduQlE9PSIsImV4cCI6bnVsbCwicHVyIjoiYmxvYl9pZCJ9fQ==--c778fcf7842de5214850d3f5963c0e219602ee64/image.png"" alt=""image.png"" />\n\nCf-Ray：89ccb000198e96b6-KIX'}, {'body': '4、填写表单后点击运行按钮报错403！\n\n<img width=""1827"" src=""https://api.zenhub.com/attachedFiles/eyJfcmFpbHMiOnsibWVzc2FnZSI6IkJBaHBBNU96QlE9PSIsImV4cCI6bnVsbCwicHVyIjoiYmxvYl9pZCJ9fQ==--e9941017492f899d3ecd715008525c86a6fb7335/image.png"" alt=""image.png"" />\n\nCf-Ray：89dd7c4bbd3669cd-LAX\n\n'}]",31.0
"https://app.zenhub.com/workspaces/64b65bd28a23b42f3ece620a/issues/zh/3807","领水任务移除 点击检测无响应 接口也为报错！","","2024-05-16 09:22:04","2024-05-16 09:22:04",67,"","New Issues","[]","{'name': 'bug'}, {'name': 'server'}","Engineers","[{'title': '主站-问题反馈/优化'}]","[]","{'name': 'vinstic'}, {'name': 'Lisun0819'}","[]",67.0
"https://app.zenhub.com/workspaces/64b65bd28a23b42f3ece620a/issues/zh/3385","clone 语言 当时上传的语言时间过长 导致克隆失败 需要给出提示！或者限制上传时长！","
文件无法上传
https://myshellhq.slack.com/files/U05KH9ACDKL/F0704FA3EQY/______2024-04-18_11.39.11.png

","2024-04-18 22:00:33","2024-04-18 22:04:54",95,"","New Issues","[]","{'name': 'enhancement'}, {'name': 'bug'}, {'name': 'server'}","Engineers","[{'title': '主站-问题反馈/优化'}]","[]","{'name': 'Chen Boyn'}","[]",94.0
"https://app.zenhub.com/workspaces/64b65bd28a23b42f3ece620a/issues/zh/4731","社交媒体分享的弹窗出现抖动&展示异常！-移动端","如视频所示：
1、点击go后弹窗未及时弹出
2、弹出的弹窗伴随着抖动效果
3、切到其他app在切回来弹窗和系统键盘中间会出现空白

[Private Zenhub Video](https://api.zenhub.com/attachedFiles/eyJfcmFpbHMiOnsibWVzc2FnZSI6IkJBaHBBenpVQlE9PSIsImV4cCI6bnVsbCwicHVyIjoiYmxvYl9pZCJ9fQ==--81abd2adf1722cdf4b2a644a0feb88054784ea06/RPReplay_Final1720750613.MP4)

","2024-07-12 10:51:59","2024-07-12 10:54:26",10,"","New Issues","[]","{'name': 'bug'}, {'name': 'website'}, {'name': 'major'}","Engineers","[{'title': '主站-问题反馈/优化'}]","[]","{'name': 'Zhang Ryla'}, {'name': 'maoshuyu666'}","[]",10.0
"https://app.zenhub.com/workspaces/64b65bd28a23b42f3ece620a/issues/zh/4246","web端-onboarding bot列表滑动效果与推荐位卡片交互对齐","<img width=""433"" src=""https://api.zenhub.com/attachedFiles/eyJfcmFpbHMiOnsibWVzc2FnZSI6IkJBaHBBeHhkQlE9PSIsImV4cCI6bnVsbCwicHVyIjoiYmxvYl9pZCJ9fQ==--4674ed876443de94ea341f2b2b6eb8456141722a/image.png"" alt=""image.png"" />
中间区域的bot列表滑动效果与推荐位卡片交互对齐","2024-06-13 10:43:53","2024-06-13 10:43:53",39,"","New Issues","[]","{'name': 'enhancement'}, {'name': 'website'}, {'name': 'minor'}","Engineers","[{'title': '主站-问题反馈/优化'}]","[]","{'name': 'dustin'}, {'name': 'Zhang Ryla'}","[]",39.0
"https://app.zenhub.com/workspaces/64b65bd28a23b42f3ece620a/issues/zh/4321","图片上传成功后缺少占位图","<img width=""905"" src=""https://api.zenhub.com/attachedFiles/eyJfcmFpbHMiOnsibWVzc2FnZSI6IkJBaHBBOENCQlE9PSIsImV4cCI6bnVsbCwicHVyIjoiYmxvYl9pZCJ9fQ==--3512204310098bfc393ad48da3f9bbe3f0ad9e6c/image.png"" alt=""image.png"" />
","2024-06-21 21:40:42","2024-06-21 21:40:42",31,"","New Issues","[]","{'name': 'enhancement'}, {'name': 'website'}, {'name': 'minor'}","Engineers","[{'title': '主站-问题反馈/优化'}]","[]","{'name': 'Zhang Ryla'}, {'name': 'kaiyue kaiyue'}","[]",30.0
"https://app.zenhub.com/workspaces/64b65bd28a23b42f3ece620a/issues/zh/3507","主站-导航栏逻辑调整","<img width=""1853"" src=""https://api.zenhub.com/attachedFiles/eyJfcmFpbHMiOnsibWVzc2FnZSI6IkJBaHBBL09KQkE9PSIsImV4cCI6bnVsbCwicHVyIjoiYmxvYl9pZCJ9fQ==--67f497d2fc4ffa363d36fa4df42f4d986a986ca6/image.png"" alt=""image.png"" />
如图所示，当前主站当屏幕高度不够时，页面滑动到底部会出现很大的留白，这块我看了下是导航栏高度固定的问题，所以需要把导航栏改为上下滑动的逻辑（可参考web3站点）
","2024-04-24 11:42:14","2024-04-24 11:42:14",89,"","New Issues","[]","{'name': 'enhancement'}, {'name': 'website'}, {'name': 'major'}","Engineers","[{'title': '主站-问题反馈/优化'}]","[]","{'name': 'Zhang Jett'}, {'name': 'dustin'}, {'name': 'Zhang Ryla'}, {'name': 'maoshuyu666'}","[]",89.0
"https://app.zenhub.com/workspaces/64b65bd28a23b42f3ece620a/issues/zh/2272","中文bot翻译,bot编辑页切换英文,在bot名称/介绍,输入中文后,不需要自动翻译为英文。-不要影响到其他页面/只是修改bot编辑页！","<img width=""1408"" src=""https://api.zenhub.com/attachedFiles/eyJfcmFpbHMiOnsibWVzc2FnZSI6IkJBaHBBeHV6QWc9PSIsImV4cCI6bnVsbCwicHVyIjoiYmxvYl9pZCJ9fQ==--16c9a7efed117950173542569b92803e00be6819/image.png"" alt=""image.png"" />
","2024-01-10 18:06:13","2024-01-10 18:06:13",194,"","New Issues","[]","{'name': 'documentation'}, {'name': 'server'}","Engineers","[{'title': '主站-问题反馈/优化'}]","[]","{'name': 'Lisun0819'}, {'name': 'Tyler-Myshell'}","[]",193.0
"https://app.zenhub.com/workspaces/64b65bd28a23b42f3ece620a/issues/zh/2822","【后端】banned 这个错误需要添加 toast 提示！","<img width=""352"" src=""https://api.zenhub.com/attachedFiles/eyJfcmFpbHMiOnsibWVzc2FnZSI6IkJBaHBBN1NKQXc9PSIsImV4cCI6bnVsbCwicHVyIjoiYmxvYl9pZCJ9fQ==--73394de93d2c28b8c5258fbf4aa108db40c378df/image.png"" alt=""image.png"" />
","2024-02-26 16:53:35","2024-02-26 16:53:55",147,"","New Issues","[]","{'name': 'enhancement'}, {'name': 'website'}, {'name': 'prod issue'}","Engineers","[{'title': '主站-问题反馈/优化'}]","[]","{'name': 'vinstic'}, {'name': 'Lisun0819'}, {'name': 'Fan Jack'}","[]",146.0
"https://app.zenhub.com/workspaces/64b65bd28a23b42f3ece620a/issues/zh/1378","移动端-探索页,bot列表,bot标签需要占满！","[Private Zenhub Image](https://api.zenhub.com/attachedFiles/eyJfcmFpbHMiOnsibWVzc2FnZSI6IkJBaHBBMGNYQWc9PSIsImV4cCI6bnVsbCwicHVyIjoiYmxvYl9pZCJ9fQ==--3433064899835044d85819f38988d6c19707b930/image.png)
https://www.figma.com/file/Qz5L9ZGSQpfVz2IiHp5xfj/Dine?type=design&node-id=2707%3A45002&mode=design&t=7sguXvVYCXkBt6QG-1","2023-11-29 15:59:05","2023-11-29 15:59:05",236,"","New Issues","[]","{'name': 'documentation'}, {'name': 'android'}, {'name': 'ios'}, {'name': 'website'}, {'name': 'minor'}","Engineers","[{'title': '移动端(ios/安卓)-问题反馈/体验优化'}, {'title': '主站-问题反馈/优化'}]","[]","{'name': 'Lisun0819'}, {'name': 'myshell-lipan'}, {'name': 'jameswangxiaoyi'}, {'name': 'kaiyue kaiyue'}","[{'body': 'web端已单独拆单完成'}]",235.0
"https://app.zenhub.com/workspaces/64b65bd28a23b42f3ece620a/issues/zh/2470","IM-查看大图-底部缩略图非当前状态图片增加遮罩蒙版","<img width=""1616"" src=""https://api.zenhub.com/attachedFiles/eyJfcmFpbHMiOnsibWVzc2FnZSI6IkJBaHBBeFhsQWc9PSIsImV4cCI6bnVsbCwicHVyIjoiYmxvYl9pZCJ9fQ==--04c7c49216fdac565f3207e13e20a3421ca7b186/image.png"" alt=""image.png"" />
底部缩略图其他未选中状态图片，增加一个不透明度的蒙版遮罩
（background: linear-gradient(0deg, rgba(0, 0, 0, 0.50) 0%, rgba(0, 0, 0, 0.50) 100%), url(<path-to-image>), lightgray 50% / cover no-repeat;

效果图链接：
https://www.figma.com/file/HVrgYaL5vulcunQJ12FG5M/Final-Page?type=design&node-id=30%3A51503&mode=dev","2024-01-22 16:41:53","2024-01-22 16:41:53",182,"","New Issues","[]","{'name': 'enhancement'}, {'name': 'major'}","Engineers","[{'title': '主站-问题反馈/优化'}]","[]","{'name': 'Zhang Jett'}, {'name': 'dustin'}, {'name': 'kaiyue kaiyue'}","[]",181.0
"https://app.zenhub.com/workspaces/64b65bd28a23b42f3ece620a/issues/zh/2471","多张图片,排序有误！","预期是2+3*6，不是1+3*6+1
https://app.myshell.ai/share/euy6ba
<img width=""350"" src=""https://api.zenhub.com/attachedFiles/eyJfcmFpbHMiOnsibWVzc2FnZSI6IkJBaHBBMnpsQWc9PSIsImV4cCI6bnVsbCwicHVyIjoiYmxvYl9pZCJ9fQ==--bed6a1ddf5bd4d1f4d5dac9e503aefaea66e432d/image.png"" alt=""image.png"" />
","2024-01-22 17:36:25","2024-01-22 17:36:25",182,"","New Issues","[]","{'name': 'bug'}, {'name': 'website'}, {'name': 'prod issue'}, {'name': 'major'}","Engineers","[{'title': '主站-问题反馈/优化'}]","[]","{'name': 'Zhang Jett'}, {'name': 'Lisun0819'}","[]",181.0
"https://app.zenhub.com/workspaces/64b65bd28a23b42f3ece620a/issues/zh/2554","奖励中心,积分兑换shell coin后积分没有及时刷新！需要刷新页面！","测试步骤
当只有4点积分时
直接兑换所有积分
即可复现
<img width=""1292"" src=""https://api.zenhub.com/attachedFiles/eyJfcmFpbHMiOnsibWVzc2FnZSI6IkJBaHBBL1AvQWc9PSIsImV4cCI6bnVsbCwicHVyIjoiYmxvYl9pZCJ9fQ==--39cec0b0950bd91032588b7f977eeb69985d3c35/image.png"" alt=""image.png"" />
","2024-01-26 11:15:55","2024-01-26 11:19:22",178,"","New Issues","[]","{'name': 'bug'}, {'name': 'website'}, {'name': 'prod issue'}, {'name': 'critical'}","Engineers","[{'title': '主站-问题反馈/优化'}]","[]","{'name': 'Lisun0819'}, {'name': 'maoshuyu666'}","[]",178.0
"https://app.zenhub.com/workspaces/64b65bd28a23b42f3ece620a/issues/zh/1930","探索页-当app(客户端)语言与web端不一致时,会导致服务端返回的语言与前端语言不一致！","测试步骤
web端使用英文
客户端使用中文
web端刷新页面
<img width=""1502"" src=""https://api.zenhub.com/attachedFiles/eyJfcmFpbHMiOnsibWVzc2FnZSI6IkJBaHBBMitCQWc9PSIsImV4cCI6bnVsbCwicHVyIjoiYmxvYl9pZCJ9fQ==--372e1c888e009166fb2189ceca926dfb88753d6e/image.png"" alt=""image.png"" />
","2023-12-22 16:30:00","2023-12-22 16:52:38",213,"","New Issues","[]","{'name': 'bug'}, {'name': 'server'}, {'name': 'website'}","Engineers","[{'title': '主站-问题反馈/优化'}]","[]","{'name': 'vinstic'}, {'name': 'Zhang Jett'}","[]",212.0
"https://app.zenhub.com/workspaces/64b65bd28a23b42f3ece620a/issues/zh/2229","用户反馈-知识库过大,导入失败,一直展示导入中！","<img width=""720"" src=""https://api.zenhub.com/attachedFiles/eyJfcmFpbHMiOnsibWVzc2FnZSI6IkJBaHBBMityQWc9PSIsImV4cCI6bnVsbCwicHVyIjoiYmxvYl9pZCJ9fQ==--791a7122bf1b037f6aca1795d64d7282f5a7fef5/image.png"" alt=""image.png"" />
","2024-01-09 12:09:48","2024-01-09 12:09:48",195,"","New Issues","[]","{'name': 'bug'}, {'name': 'server'}, {'name': 'major'}","Engineers","[{'title': '主站-问题反馈/优化'}]","[]","{'name': 'Chen Boyn'}, {'name': 'Lisun0819'}","[]",195.0
"https://app.zenhub.com/workspaces/64b65bd28a23b42f3ece620a/issues/zh/2271","移动端（H5&App）-奖励兑换页样式优化","具体优化内容为：

https://www.figma.com/file/HVrgYaL5vulcunQJ12FG5M/Final-Page?type=design&node-id=3885%3A280136&mode=design&t=K0YWEgiBkMw4jqrp-1","2024-01-10 16:30:34","2024-01-10 16:30:34",194,"","New Issues","[]","{'name': 'enhancement'}, {'name': 'website'}, {'name': 'major'}","Engineers","[{'title': '移动端(ios/安卓)-问题反馈/体验优化'}, {'title': '主站-问题反馈/优化'}]","[]","{'name': 'jameswangxiaoyi'}, {'name': 'kaiyue kaiyue'}, {'name': 'maoshuyu666'}","[]",193.0
"https://app.zenhub.com/workspaces/64b65bd28a23b42f3ece620a/issues/zh/2286","Web端奖励中心-顶部banner渐变遮罩调整","任务列表及奖励兑换页面顶部banner渐变遮罩调整

当前实现：
<img width=""2000"" src=""https://api.zenhub.com/attachedFiles/eyJfcmFpbHMiOnsibWVzc2FnZSI6IkJBaHBBMEc0QWc9PSIsImV4cCI6bnVsbCwicHVyIjoiYmxvYl9pZCJ9fQ==--1b72a49028d44ea7b20381e3a3d21169a2592fc4/image.png"" alt=""image.png"" />


预期效果：
<img width=""1584"" src=""https://api.zenhub.com/attachedFiles/eyJfcmFpbHMiOnsibWVzc2FnZSI6IkJBaHBBMEM0QWc9PSIsImV4cCI6bnVsbCwicHVyIjoiYmxvYl9pZCJ9fQ==--ca941f38a87598bbed51a0ce52bfa85165ff97ac/image.png"" alt=""image.png"" />


链接：
https://www.figma.com/file/HVrgYaL5vulcunQJ12FG5M/Final-Page?type=design&node-id=3926%3A315323&mode=design&t=eV41qB21YeqAgsre-1","2024-01-11 11:56:58","2024-01-11 11:56:58",193,"","New Issues","[]","{'name': 'enhancement'}, {'name': 'website'}","Engineers","[{'title': '主站-问题反馈/优化'}]","[]","{'name': 'dustin'}, {'name': 'kaiyue kaiyue'}, {'name': 'maoshuyu666'}","[]",193.0
"https://app.zenhub.com/workspaces/64b65bd28a23b42f3ece620a/issues/zh/2302","工坊页面大屏适配及loading优化","工坊页面的大屏适配以及页面切换loading动画方案如下：

https://www.figma.com/file/Qz5L9ZGSQpfVz2IiHp5xfj/Dine?type=design&node-id=13805%3A58614&mode=design&t=UX7ChkJZb1NwInp9-1","2024-01-11 17:36:23","2024-01-11 17:36:23",193,"","New Issues","[]","{'name': 'enhancement'}, {'name': 'website'}, {'name': 'major'}","Engineers","[{'title': '主站-问题反馈/优化'}]","[]","{'name': 'Zhang Jett'}, {'name': 'dustin'}","[{'body': '聊天页面的大屏适配方案也请同步至chat页面'}]",192.0
"https://app.zenhub.com/workspaces/64b65bd28a23b42f3ece620a/issues/zh/2359","创作者详情页 每次打开bot顺序不一致！","预期：固定顺序
<img width=""886"" src=""https://api.zenhub.com/attachedFiles/eyJfcmFpbHMiOnsibWVzc2FnZSI6IkJBaHBBMjhvQkE9PSIsImV4cCI6bnVsbCwicHVyIjoiYmxvYl9pZCJ9fQ==--d97bee0c634e672de0537e79c8e864a7bc47137b/image.png"" alt=""image.png"" />
","2024-01-15 16:44:18","2024-04-02 17:05:53",189,"","New Issues","[]","{'name': 'enhancement'}, {'name': 'server'}, {'name': 'critical'}","Engineers","[{'title': '主站-问题反馈/优化'}]","[]","{'name': 'Tyler-Myshell'}","[]",188.0
"https://app.zenhub.com/workspaces/64b65bd28a23b42f3ece620a/issues/zh/2511","Bot聊天列表-发送文件增加描述显示","发送文件/接受文件/上传文件时，列表增加状态显示。具体需求请看效果图：
<img width=""1238"" src=""https://api.zenhub.com/attachedFiles/eyJfcmFpbHMiOnsibWVzc2FnZSI6IkJBaHBBOXZ5QWc9PSIsImV4cCI6bnVsbCwicHVyIjoiYmxvYl9pZCJ9fQ==--bc9afd52711e7ed94b0ad18ed3311f86f641218a/image.png"" alt=""image.png"" />



https://www.figma.com/file/6bkMMcxTUOv1LeDndV3yKQ/%F0%9F%92%AC-Chat-Flow?type=design&node-id=0%3A1&mode=design&t=uuqkplFtNgf8cMTV-1","2024-01-24 12:09:27","2024-01-24 12:09:58",180,"","New Issues","[]","{'name': 'enhancement'}, {'name': 'minor'}","Engineers","[{'title': '移动端(ios/安卓)-问题反馈/体验优化'}, {'title': '主站-问题反馈/优化'}]","[]","{'name': 'Zhang Jett'}, {'name': 'dustin'}, {'name': 'jameswangxiaoyi'}","[]",180.0
"https://app.zenhub.com/workspaces/64b65bd28a23b42f3ece620a/issues/zh/2515","Markdown 图片格式调整","消息气泡及查看大图页面统一为IM样式，（web端需增加查看大图功能）

消息气泡内图片增加圆角以及调整上下间距

当前实现效果：<img width=""369"" src=""https://api.zenhub.com/attachedFiles/eyJfcmFpbHMiOnsibWVzc2FnZSI6IkJBaHBBL256QWc9PSIsImV4cCI6bnVsbCwicHVyIjoiYmxvYl9pZCJ9fQ==--145b4fb8b0e549f59fc8226b9a5a1d9354b6cf11/image.png"" alt=""image.png"" />
<img width=""369"" src=""https://api.zenhub.com/attachedFiles/eyJfcmFpbHMiOnsibWVzc2FnZSI6IkJBaHBBL3Z6QWc9PSIsImV4cCI6bnVsbCwicHVyIjoiYmxvYl9pZCJ9fQ==--1eb53cadd423904970af6e1bed4bbc7aafbe9357/image.png"" alt=""image.png"" />


效果图链接：https://www.figma.com/file/6bkMMcxTUOv1LeDndV3yKQ/%F0%9F%92%AC-Chat-Flow?type=design&node-id=11309%3A186900&mode=design&t=vUYwRUEq9ANt6anY-1","2024-01-24 17:30:42","2024-01-25 11:50:36",180,"","New Issues","[]","{'name': 'enhancement'}, {'name': 'critical'}","Engineers","[{'title': '移动端(ios/安卓)-问题反馈/体验优化'}, {'title': '主站-问题反馈/优化'}]","[]","{'name': 'Zhang Jett'}, {'name': 'jameswangxiaoyi'}","[]",179.0
"https://app.zenhub.com/workspaces/64b65bd28a23b42f3ece620a/issues/zh/2557","re机器人,由于没有更多按钮,导致无法从列表中移除！","<img width=""1578"" src=""https://api.zenhub.com/attachedFiles/eyJfcmFpbHMiOnsibWVzc2FnZSI6IkJBaHBBendBQXc9PSIsImV4cCI6bnVsbCwicHVyIjoiYmxvYl9pZCJ9fQ==--bc90b58880afa9e48bceb7b3ff1daa16c594f014/image.png"" alt=""image.png"" />
","2024-01-26 15:28:11","2024-01-26 15:28:11",178,"","New Issues","[]","{'name': 'enhancement'}, {'name': 'bug'}, {'name': 'website'}","Engineers","[{'title': '主站-问题反馈/优化'}]","[]","{'name': 'Lisun0819'}, {'name': 'Fan Jack'}","[]",177.0
"https://app.zenhub.com/workspaces/64b65bd28a23b42f3ece620a/issues/zh/2654","bot排名顺序一致时 在筛选时会来回跳动未固定-优化","
[Private Zenhub Video](https://api.zenhub.com/attachedFiles/eyJfcmFpbHMiOnsibWVzc2FnZSI6IkJBaHBBOGNvQXc9PSIsImV4cCI6bnVsbCwicHVyIjoiYmxvYl9pZCJ9fQ==--b7168ddcb09dbe19671f2404ad030d371a069401/%E5%B1%8F%E5%B9%95%E5%85%B1%E4%BA%AB%20-%202024-02-05%20%E4%B8%8B%E5%8D%88%202_18_20.mp4)

","2024-02-05 14:20:08","2024-02-05 14:20:08",168,"","New Issues","[]","{'name': 'enhancement'}, {'name': 'server'}","Engineers","[{'title': '主站-问题反馈/优化'}]","[]","{'name': 'Lisun0819'}, {'name': 'Tyler-Myshell'}, {'name': 'kaiyue kaiyue'}","[]",168.0
"https://app.zenhub.com/workspaces/64b65bd28a23b42f3ece620a/issues/zh/2732","分享聊天消息ui问题","<img width=""1869"" src=""https://api.zenhub.com/attachedFiles/eyJfcmFpbHMiOnsibWVzc2FnZSI6IkJBaHBBNjFFQXc9PSIsImV4cCI6bnVsbCwicHVyIjoiYmxvYl9pZCJ9fQ==--9d900f664d62e9db9bcdf370ddc659371351502e/image.png"" alt=""image.png"" />
","2024-02-09 13:23:30","2024-02-09 13:23:30",164,"","New Issues","[]","{'name': 'bug'}, {'name': 'website'}, {'name': 'major'}","Engineers","[{'title': '主站-问题反馈/优化'}]","[]","{'name': 'Zhang Jett'}, {'name': 'Lisun0819'}, {'name': 'kaiyue kaiyue'}","[]",164.0
"https://app.zenhub.com/workspaces/64b65bd28a23b42f3ece620a/issues/zh/2819","推荐位卡片增加背景模糊效果","效果图链接：https://www.figma.com/file/f6EL2footOJGCol2h2uwjL/Myshell-Poster?type=design&node-id=2277%3A21817&mode=design&t=RYpzQDbO3whLjNRT-1","2024-02-26 13:56:37","2024-02-26 13:56:37",147,"","New Issues","[]","{'name': 'enhancement'}, {'name': 'major'}","Engineers","[{'title': '移动端(ios/安卓)-问题反馈/体验优化'}, {'title': '主站-问题反馈/优化'}]","[]","{'name': 'dustin'}, {'name': 'Zhang Ryla'}, {'name': 'jameswangxiaoyi'}","[]",147.0
"https://app.zenhub.com/workspaces/64b65bd28a23b42f3ece620a/issues/zh/2861","用户bot上传图片内容为空时,展示错误！-前端需要添加校验！","格式正确 内容错误 为0kb！
<img width=""1778"" src=""https://api.zenhub.com/attachedFiles/eyJfcmFpbHMiOnsibWVzc2FnZSI6IkJBaHBBNmlvQXc9PSIsImV4cCI6bnVsbCwicHVyIjoiYmxvYl9pZCJ9fQ==--eb4887e14fd2288c983987daf357411a0a458d09/image.png"" alt=""image.png"" />
","2024-03-04 14:24:52","2024-03-08 16:02:05",140,"","New Issues","[]","{'name': 'enhancement'}, {'name': 'website'}, {'name': 'prod issue'}","Engineers","[{'title': '主站-问题反馈/优化'}]","[]","{'name': 'Lisun0819'}, {'name': 'Zhang Ryla'}","[{'body': '<img width=""514"" src=""https://api.zenhub.com/attachedFiles/eyJfcmFpbHMiOnsibWVzc2FnZSI6IkJBaHBBNjJvQXc9PSIsImV4cCI6bnVsbCwicHVyIjoiYmxvYl9pZCJ9fQ==--d9702792d267add399bb4d49e5b10d678aee2355/image.png"" alt=""image.png"" />\n'}]",140.0
"https://app.zenhub.com/workspaces/64b65bd28a23b42f3ece620a/issues/zh/2900","克隆语言过程中,当语言克隆成功,可以保存时,重新触发clone后,点击save,消息会一直处于loading！","<img width=""1452"" src=""https://api.zenhub.com/attachedFiles/eyJfcmFpbHMiOnsibWVzc2FnZSI6IkJBaHBBelM5QXc9PSIsImV4cCI6bnVsbCwicHVyIjoiYmxvYl9pZCJ9fQ==--6d5fd9cd506f028903490835e6ba2374ba3502f5/image.png"" alt=""image.png"" />
","2024-03-07 11:36:09","2024-03-07 11:36:09",137,"","New Issues","[]","{'name': 'bug'}, {'name': 'server'}","Engineers","[{'title': '主站-问题反馈/优化'}]","[]","{'name': 'Chen Boyn'}, {'name': 'Lisun0819'}","[{'body': '<img width=""1266"" src=""https://api.zenhub.com/attachedFiles/eyJfcmFpbHMiOnsibWVzc2FnZSI6IkJBaHBBenk5QXc9PSIsImV4cCI6bnVsbCwicHVyIjoiYmxvYl9pZCJ9fQ==--74aa355646f5c0b91941e7c07f50c98e42f23fa4/image.png"" alt=""image.png"" />\n'}]",137.0
"https://app.zenhub.com/workspaces/64b65bd28a23b42f3ece620a/issues/zh/2906","创建bot-输入知识库地址后 提示点击确定后 保存成功 但是输入的知识库地址被冲毁！","","2024-03-07 15:14:53","2024-03-07 15:14:53",137,"","New Issues","[]","{'name': 'enhancement'}, {'name': 'website'}","Engineers","[{'title': '主站-问题反馈/优化'}]","[]","{'name': 'Fan Jack'}","[]",137.0
"https://app.zenhub.com/workspaces/64b65bd28a23b42f3ece620a/issues/zh/2910","图片没有做压缩处理！","<img width=""772"" src=""https://api.zenhub.com/attachedFiles/eyJfcmFpbHMiOnsibWVzc2FnZSI6IkJBaHBBNm0rQXc9PSIsImV4cCI6bnVsbCwicHVyIjoiYmxvYl9pZCJ9fQ==--c3c20ae191644b373d706fc29be4c201f6b64328/image.png"" alt=""image.png"" />
","2024-03-07 18:47:55","2024-03-07 18:47:55",137,"","New Issues","[]","{'name': 'enhancement'}, {'name': 'server'}, {'name': 'prod issue'}","Engineers","[{'title': '主站-问题反馈/优化'}]","[]","{'name': 'Sunny'}","[]",136.0
"https://app.zenhub.com/workspaces/64b65bd28a23b42f3ece620a/issues/zh/2976","bot下架后 由于7日数据不是实时更新  导致的排行榜部分数据展示有误！-优化","因为下架不能删历史数据，否则趋势曲线又没了
<img width=""719"" src=""https://api.zenhub.com/attachedFiles/eyJfcmFpbHMiOnsibWVzc2FnZSI6IkJBaHBBeGZXQXc9PSIsImV4cCI6bnVsbCwicHVyIjoiYmxvYl9pZCJ9fQ==--e44ee1d0ef42f7c9c53d9e6600f908f9009ea860/image.png"" alt=""image.png"" />
","2024-03-13 09:53:45","2024-03-13 09:55:53",131,"","New Issues","[]","{'name': 'enhancement'}, {'name': 'server'}, {'name': 'prod issue'}","Engineers","[{'title': '主站-问题反馈/优化'}]","[]","{'name': 'vinstic'}","[]",131.0
"https://app.zenhub.com/workspaces/64b65bd28a23b42f3ece620a/issues/zh/2992","探索页-筛选tag后,向下滚动翻页,出现重复bot！","通过筛选接口 发现重复bot
<img width=""1369"" src=""https://api.zenhub.com/attachedFiles/eyJfcmFpbHMiOnsibWVzc2FnZSI6IkJBaHBBNFhjQXc9PSIsImV4cCI6bnVsbCwicHVyIjoiYmxvYl9pZCJ9fQ==--585d9ecc4c66f7979de18602a1de40b1970e3e39/image.png"" alt=""image.png"" />
<img width=""1314"" src=""https://api.zenhub.com/attachedFiles/eyJfcmFpbHMiOnsibWVzc2FnZSI6IkJBaHBBNGJjQXc9PSIsImV4cCI6bnVsbCwicHVyIjoiYmxvYl9pZCJ9fQ==--2faec48cbf7df28ef2e183b4e3efbb2d67f03aa2/image.png"" alt=""image.png"" />
","2024-03-14 10:39:45","2024-03-14 10:39:45",130,"","New Issues","[]","{'name': 'bug'}, {'name': 'server'}, {'name': 'prod issue'}","Engineers","[{'title': '主站-问题反馈/优化'}]","[]","{'name': 'Tyler-Myshell'}","[]",130.0
"https://app.zenhub.com/workspaces/64b65bd28a23b42f3ece620a/issues/zh/2995","历史上传为空的头像  替换成默认头像！","现在为空的头像会裂开 后端需要统一刷一次！
<img width=""720"" src=""https://api.zenhub.com/attachedFiles/eyJfcmFpbHMiOnsibWVzc2FnZSI6IkJBaHBBMUxkQXc9PSIsImV4cCI6bnVsbCwicHVyIjoiYmxvYl9pZCJ9fQ==--4cb80f37afcc4962f843d1f7935b1e004107b61b/image.png"" alt=""image.png"" />
","2024-03-14 16:00:31","2024-03-14 16:00:31",130,"","New Issues","[]","{'name': 'enhancement'}, {'name': 'feature'}, {'name': 'server'}","Engineers","[{'title': '主站-问题反馈/优化'}]","[]","{'name': 'Tyler-Myshell'}","[]",129.0
"https://app.zenhub.com/workspaces/64b65bd28a23b42f3ece620a/issues/zh/3003","nsfw图片 上传失败 提示信息需要多语言！","","2024-03-17 22:18:33","2024-03-17 22:18:33",127,"","New Issues","[]","{'name': 'enhancement'}, {'name': 'feature'}, {'name': 'server'}","Engineers","[{'title': '主站-问题反馈/优化'}, {'title': '色情图片检测'}]","[]","","[]",126.0
"https://app.zenhub.com/workspaces/64b65bd28a23b42f3ece620a/issues/zh/3028","当与bot交互 bot回复信息失败后 需要把扣除的电量返还！","","2024-03-19 18:25:50","2024-03-19 18:25:50",125,"","New Issues","[]","{'name': 'enhancement'}, {'name': 'feature'}, {'name': 'server'}","Engineers","[{'title': '主站-问题反馈/优化'}]","[]","","[]",124.0
"https://app.zenhub.com/workspaces/64b65bd28a23b42f3ece620a/issues/zh/3049","bot setting 头像上传文案修改 最大支持5mb！","<img width=""720"" src=""https://api.zenhub.com/attachedFiles/eyJfcmFpbHMiOnsibWVzc2FnZSI6IkJBaHBBN2o2QXc9PSIsImV4cCI6bnVsbCwicHVyIjoiYmxvYl9pZCJ9fQ==--04f8def93bcaec94736dee69f775e3c72a5d9738/image.png"" alt=""image.png"" />
","2024-03-21 15:14:25","2024-03-21 15:14:25",123,"","New Issues","[]","{'name': 'enhancement'}, {'name': 'website'}","Engineers","[{'title': '主站-问题反馈/优化'}]","[]","","[]",123.0
"https://app.zenhub.com/workspaces/64b65bd28a23b42f3ece620a/issues/zh/3053","bot setting页面未增加缓存！","<img width=""1747"" src=""https://api.zenhub.com/attachedFiles/eyJfcmFpbHMiOnsibWVzc2FnZSI6IkJBaHBBM3o3QXc9PSIsImV4cCI6bnVsbCwicHVyIjoiYmxvYl9pZCJ9fQ==--c591fe19f02a375f5b29136490cf4a47bee7010d/image.png"" alt=""image.png"" />","2024-03-21 18:20:11","2024-03-21 18:20:11",123,"","New Issues","[]","{'name': 'enhancement'}","Engineers","[{'title': '主站-问题反馈/优化'}]","[]","","[]",122.0
"https://app.zenhub.com/workspaces/64b65bd28a23b42f3ece620a/issues/zh/3088","移动端-由于tts语言类型过多 导致列表过长 一个屏幕已经展示不完整了-优化","<img width=""369"" src=""https://api.zenhub.com/attachedFiles/eyJfcmFpbHMiOnsibWVzc2FnZSI6IkJBaHBBd1VHQkE9PSIsImV4cCI6bnVsbCwicHVyIjoiYmxvYl9pZCJ9fQ==--8757bfd6bb92315cde6e5622dfff1de8aaf05456/18789f935e3a9658bcca26d1d2adf5c8.jpeg"" alt=""18789f935e3a9658bcca26d1d2adf5c8.jpeg"" />
","2024-03-25 15:20:03","2024-03-25 15:20:03",119,"","New Issues","[]","{'name': 'enhancement'}, {'name': 'website'}","Engineers","[{'title': '主站-问题反馈/优化'}]","[]","{'name': 'Zhang Ryla'}","[]",119.0
"https://app.zenhub.com/workspaces/64b65bd28a23b42f3ece620a/issues/zh/3113","当任务配置 开启4个bot 样式有误！-优化","<img width=""720"" src=""https://api.zenhub.com/attachedFiles/eyJfcmFpbHMiOnsibWVzc2FnZSI6IkJBaHBBd29UQkE9PSIsImV4cCI6bnVsbCwicHVyIjoiYmxvYl9pZCJ9fQ==--6170f21977b3135e10d1125287c26a468094a03f/image.png"" alt=""image.png"" />
","2024-03-27 12:21:31","2024-03-27 12:21:31",117,"","New Issues","[]","{'name': 'enhancement'}, {'name': 'feature'}, {'name': 'website'}","Engineers","[{'title': '主站-问题反馈/优化'}]","[]","{'name': 'vinstic'}, {'name': 'finn'}","[]",117.0
"https://app.zenhub.com/workspaces/64b65bd28a23b42f3ece620a/issues/zh/3160","mac os (win未复现) 使用 chrome 重复通过bot详情打开创作者资料卡 当重复4次 资料卡出现卡顿闪烁！","
<img width=""720"" src=""https://api.zenhub.com/attachedFiles/eyJfcmFpbHMiOnsibWVzc2FnZSI6IkJBaHBBNVFvQkE9PSIsImV4cCI6bnVsbCwicHVyIjoiYmxvYl9pZCJ9fQ==--f552c5fb620017321ce2b735b926ac9fcbf69c82/image.png"" alt=""image.png"" />

[Private Zenhub Video](https://api.zenhub.com/attachedFiles/eyJfcmFpbHMiOnsibWVzc2FnZSI6IkJBaHBBNVVvQkE9PSIsImV4cCI6bnVsbCwicHVyIjoiYmxvYl9pZCJ9fQ==--f3e4faec1d729b3416cbe35f1ce55abd7c2e7176/bug.mov)


","2024-04-02 17:34:36","2024-04-02 17:34:36",111,"","New Issues","[]","{'name': 'bug'}, {'name': 'website'}, {'name': 'prod issue'}, {'name': 'minor'}","Engineers","[{'title': '主站-问题反馈/优化'}]","[]","{'name': 'Zhang Jett'}, {'name': 'maoshuyu666'}","[]",110.0
"https://app.zenhub.com/workspaces/64b65bd28a23b42f3ece620a/issues/zh/3182","新买了个 badge，没有被拉到 discord 对应群组！","","2024-04-07 19:13:58","2024-04-07 19:13:58",106,"","New Issues","[]","{'name': 'bug'}, {'name': 'server'}","Engineers","[{'title': '主站-问题反馈/优化'}]","[]","{'name': 'vinstic'}, {'name': 'Lisun0819'}","[]",105.0
"https://app.zenhub.com/workspaces/64b65bd28a23b42f3ece620a/issues/zh/3235","Pro Config全屏模式的换行调整","<img width=""1440"" src=""https://api.zenhub.com/attachedFiles/eyJfcmFpbHMiOnsibWVzc2FnZSI6IkJBaHBBOFJLQkE9PSIsImV4cCI6bnVsbCwicHVyIjoiYmxvYl9pZCJ9fQ==--ab127cef7ed45680461da11925d992775c236ce3/image.png"" alt=""image.png"" />
","2024-04-10 16:40:53","2024-04-10 16:44:07",103,"","New Issues","[]","{'name': 'enhancement'}, {'name': 'website'}","Engineers","[{'title': '主站-问题反馈/优化'}]","[]","{'name': 'kaiyue kaiyue'}, {'name': 'maoshuyu666'}, {'name': 'Kun Liang'}","[]",102.0
"https://app.zenhub.com/workspaces/64b65bd28a23b42f3ece620a/issues/zh/3525","语音克隆bot=应用tts弹窗样式更改","当前实现效果：
<img width=""1333"" src=""https://api.zenhub.com/attachedFiles/eyJfcmFpbHMiOnsibWVzc2FnZSI6IkJBaHBBd2VRQkE9PSIsImV4cCI6bnVsbCwicHVyIjoiYmxvYl9pZCJ9fQ==--c2020b3857d923d890509cbd49e083d75b257cf4/image.png"" alt=""image.png"" />


预期效果：
<img width=""990"" src=""https://api.zenhub.com/attachedFiles/eyJfcmFpbHMiOnsibWVzc2FnZSI6IkJBaHBBd2lRQkE9PSIsImV4cCI6bnVsbCwicHVyIjoiYmxvYl9pZCJ9fQ==--ec72161807d5487b0fdee5778f8a456d6a86dacc/image.png"" alt=""image.png"" />
请更改为与全局弹窗样式统一","2024-04-25 10:42:11","2024-04-25 10:42:11",88,"","New Issues","[]","{'name': 'enhancement'}, {'name': 'critical'}","Engineers","[{'title': '主站-问题反馈/优化'}]","[]","{'name': 'Zhang Jett'}, {'name': 'dustin'}","[]",88.0
"https://app.zenhub.com/workspaces/64b65bd28a23b42f3ece620a/issues/zh/3582","dashboard-数据看板显示优化","当前实现效果：
<img width=""712"" src=""https://api.zenhub.com/attachedFiles/eyJfcmFpbHMiOnsibWVzc2FnZSI6IkJBaHBBMWliQkE9PSIsImV4cCI6bnVsbCwicHVyIjoiYmxvYl9pZCJ9fQ==--383ffaaaa998dda23d99d9836a91304bcbbb3d03/image.png"" alt=""image.png"" />
如图所示，日期被重叠导致看不清

解决方案：把日期放进拖拽按钮的hover内","2024-04-28 11:24:17","2024-04-28 11:24:17",85,"","New Issues","[]","{'name': 'enhancement'}, {'name': 'website'}, {'name': 'critical'}","Engineers","[{'title': '主站-问题反馈/优化'}]","[]","{'name': 'dustin'}, {'name': 'Zhang Ryla'}, {'name': 'kaiyue kaiyue'}, {'name': 'maoshuyu666'}","[]",85.0
"https://app.zenhub.com/workspaces/64b65bd28a23b42f3ece620a/issues/zh/3587","当页面高度不够时 左侧tabbar 需要可以滚动查看！","<img width=""74"" src=""https://api.zenhub.com/attachedFiles/eyJfcmFpbHMiOnsibWVzc2FnZSI6IkJBaHBBMk9iQkE9PSIsImV4cCI6bnVsbCwicHVyIjoiYmxvYl9pZCJ9fQ==--ba7d0bd35de916f5f8f807d4ef71f5f23141caf8/image.png"" alt=""image.png"" />
","2024-04-28 14:34:50","2024-04-28 14:34:50",85,"","New Issues","[]","{'name': 'enhancement'}, {'name': 'website'}","Engineers","[{'title': '主站-问题反馈/优化'}]","[]","{'name': 'maoshuyu666'}","[]",85.0
"https://app.zenhub.com/workspaces/64b65bd28a23b42f3ece620a/issues/zh/3636","反馈-移动端进入bot聊天页 历史消息加载事件过长(10S)！-未复现","

[Private Zenhub Video](https://api.zenhub.com/attachedFiles/eyJfcmFpbHMiOnsibWVzc2FnZSI6IkJBaHBBNmkyQkE9PSIsImV4cCI6bnVsbCwicHVyIjoiYmxvYl9pZCJ9fQ==--9089f83c3240518c161a7c1b63d5add3b742f849/RPReplay_Final1714896317.MP4)

","2024-05-06 08:38:47","2024-06-17 10:51:41",77,"","New Issues","[]","{'name': 'bug'}, {'name': 'server'}, {'name': 'website'}, {'name': 'prod issue'}, {'name': 'minor'}","Engineers","[{'title': '主站-问题反馈/优化'}]","[]","{'name': 'Chen Boyn'}, {'name': 'maoshuyu666'}","[]",77.0
"https://app.zenhub.com/workspaces/64b65bd28a23b42f3ece620a/issues/zh/3816","【No-code and Pro config】State Setting中的 Image/Audio模块，上传图片/音频成功后，点击Raw再返回至UI界面，图片/音频消失","测试步骤如下：

1. 进入No Code 页的 State Setting 模块；
2. 点击 Image 中的  Drop a file 按钮，上传本地图片；
3. 本地图片上传成功后，切换至 Raw页，而后切回至 UI 页；
4. 查看图片展示。

预期结果：能够正常查看到图片；
实际结果：图片消失，并未能查看到该图片。

**音频模块同上**

[Private Zenhub Video](https://api.zenhub.com/attachedFiles/eyJfcmFpbHMiOnsibWVzc2FnZSI6IkJBaHBBN1htQkE9PSIsImV4cCI6bnVsbCwicHVyIjoiYmxvYl9pZCJ9fQ==--12c027a93104c938c3c292ad6891e9559b00ca3f/20240516_161902.mp4)


[Private Zenhub Video](https://api.zenhub.com/attachedFiles/eyJfcmFpbHMiOnsibWVzc2FnZSI6IkJBaHBBOTdtQkE9PSIsImV4cCI6bnVsbCwicHVyIjoiYmxvYl9pZCJ9fQ==--8755cf20b6388a790d54a313d8f83c7150a76519/20240516_164818.mp4)


测试所有图片如下：
<img width=""492"" src=""https://api.zenhub.com/attachedFiles/eyJfcmFpbHMiOnsibWVzc2FnZSI6IkJBaHBBN2ZtQkE9PSIsImV4cCI6bnVsbCwicHVyIjoiYmxvYl9pZCJ9fQ==--3d4dc85a5c80ebe11e168d87dae633b2684a0afe/18%E5%B2%81.jpg"" alt=""18岁.jpg"" />


","2024-05-16 16:27:44","2024-05-16 16:54:20",67,"","New Issues","[]","{'name': 'bug'}, {'name': 'major'}","Engineers","[{'title': '主站-问题反馈/优化'}]","[]","{'name': 'Joe Jing'}","[]",66.0
"https://app.zenhub.com/workspaces/64b65bd28a23b42f3ece620a/issues/zh/3832","【No-code and Pro config】No code页，进入Intro-Audio模块，切换至Raw输入框，输入框内数据输入完成后，无法删除","测试步骤如下：
1、进入No code 页，点击 App-Intro 模块；
2、进入 Intro 模块后，打开 Audio 按钮，切换至 Raw 输入框；
3、当 Raw 输入框内数据输入完成后，对数据进行删除；
4、点击键盘中的""x""按钮，对数据进行清除。

预期结果：数据应清除成功；
实际结果：数据并未清除成功，并且重复出现 “【” 框。

 **Image 模块同理**


[Private Zenhub Video](https://api.zenhub.com/attachedFiles/eyJfcmFpbHMiOnsibWVzc2FnZSI6IkJBaHBBNlB0QkE9PSIsImV4cCI6bnVsbCwicHVyIjoiYmxvYl9pZCJ9fQ==--83d2b3a72e3c72a9478d5f7881f87abeed112a63/20240517_153732.mp4)


[Private Zenhub Video](https://api.zenhub.com/attachedFiles/eyJfcmFpbHMiOnsibWVzc2FnZSI6IkJBaHBBNnp0QkE9PSIsImV4cCI6bnVsbCwicHVyIjoiYmxvYl9pZCJ9fQ==--4a07a7e5377a1231e74dac4aacd84a43e3dd66ee/20240517_154748.mp4)



","2024-05-17 15:44:54","2024-05-17 15:49:22",66,"","New Issues","[]","{'name': 'bug'}, {'name': 'major'}","Engineers","[{'title': '主站-问题反馈/优化'}]","[]","{'name': 'Joe Jing'}","[]",65.0
"https://app.zenhub.com/workspaces/64b65bd28a23b42f3ece620a/issues/zh/3850","赛季切换后 兑换还没有开启 提示兑换已开启！ ","测试步骤
1.赛季切换 但是上一个赛季还没有开启兑换
2.去到赚取积分页面
3.赛季切换到上一个赛季

预期结果：
<img width=""1499"" src=""https://api.zenhub.com/attachedFiles/eyJfcmFpbHMiOnsibWVzc2FnZSI6IkJBaHBBekx6QkE9PSIsImV4cCI6bnVsbCwicHVyIjoiYmxvYl9pZCJ9fQ==--3d8e5ed76d70119615830ab7071d1805c9db1189/image.png"" alt=""image.png"" />

实际结果：
赛季未开启 提示赛季已开启
<img width=""1129"" src=""https://api.zenhub.com/attachedFiles/eyJfcmFpbHMiOnsibWVzc2FnZSI6IkJBaHBBNGx5QlE9PSIsImV4cCI6bnVsbCwicHVyIjoiYmxvYl9pZCJ9fQ==--81e7adf3bcad8500d557fc923a7dd959183be4fa/image.png"" alt=""image.png"" />
","2024-05-20 10:20:47","2024-06-18 23:57:25",63,"","New Issues","[]","{'name': 'bug'}, {'name': 'website'}, {'name': 'prod issue'}, {'name': 'critical'}","Engineers","[{'title': '主站-问题反馈/优化'}]","[]","{'name': 'maoshuyu666'}","[{'body': '\n[Private Zenhub Video](https://api.zenhub.com/attachedFiles/eyJfcmFpbHMiOnsibWVzc2FnZSI6IkJBaHBBNWx5QlE9PSIsImV4cCI6bnVsbCwicHVyIjoiYmxvYl9pZCJ9fQ==--38d15c87091074d2f4171bd76cabcb82d88c1970/QQ2024618-235137.mp4)\n\n'}]",63.0
"https://app.zenhub.com/workspaces/64b65bd28a23b42f3ece620a/issues/zh/3859","gpt3.5 / gpt4 /gpt 4o 需要在探索页能搜索到 需要加入到官方标签能筛选！","<img width=""1823"" src=""https://api.zenhub.com/attachedFiles/eyJfcmFpbHMiOnsibWVzc2FnZSI6IkJBaHBBMmJ6QkE9PSIsImV4cCI6bnVsbCwicHVyIjoiYmxvYl9pZCJ9fQ==--1f707d2bb97dc2a2b26552f31aabcddf27e784c3/image.png"" alt=""image.png"" />
","2024-05-20 12:58:08","2024-05-20 12:58:08",63,"","New Issues","[]","{'name': 'enhancement'}, {'name': 'server'}","Engineers","[{'title': '主站-问题反馈/优化'}]","[]","{'name': 'Lisun0819'}, {'name': 'Tyler-Myshell'}","[]",63.0
"https://app.zenhub.com/workspaces/64b65bd28a23b42f3ece620a/issues/zh/3869","用户反馈 - (小狐狸)聊天出现网络错误 ,即使不出现网络错误 也是没有发送成功！","钱包地址：0xa5c8d8ded0B1186E1648506AeC6b5b2cfE6f4546

<img width=""666"" src=""https://api.zenhub.com/attachedFiles/eyJfcmFpbHMiOnsibWVzc2FnZSI6IkJBaHBBd24wQkE9PSIsImV4cCI6bnVsbCwicHVyIjoiYmxvYl9pZCJ9fQ==--b28cc8e9668a7b39f2f003bc58d3ffcf9f4e174b/image.png"" alt=""image.png"" />


[Private Zenhub Video](https://api.zenhub.com/attachedFiles/eyJfcmFpbHMiOnsibWVzc2FnZSI6IkJBaHBBd1gwQkE9PSIsImV4cCI6bnVsbCwicHVyIjoiYmxvYl9pZCJ9fQ==--d7cc077b7edb7bd5b8f16a4167d6e486a13a93db/2024-05-20_16.23.32.mov)

<img width=""892"" src=""https://api.zenhub.com/attachedFiles/eyJfcmFpbHMiOnsibWVzc2FnZSI6IkJBaHBBdzcwQkE9PSIsImV4cCI6bnVsbCwicHVyIjoiYmxvYl9pZCJ9fQ==--dc4fc6dbcb8fd00ea614101e1ce94bf29e1f4e2a/image.png"" alt=""image.png"" />


","2024-05-20 16:31:32","2024-05-20 16:44:27",63,"","New Issues","[]","{'name': 'bug'}, {'name': 'website'}, {'name': 'prod issue'}, {'name': 'minor'}","Engineers","[{'title': '主站-问题反馈/优化'}]","[]","{'name': 'Iven Zhang'}","[{'body': '未能复现，业务代码排查无法确定具体原因\n后续action: 添加错误上报，确定root cause'}]",62.0
"https://app.zenhub.com/workspaces/64b65bd28a23b42f3ece620a/issues/zh/3927","推荐位详情页调整","具体调整以效果图为准

效果图链接：
https://www.figma.com/design/HVrgYaL5vulcunQJ12FG5M/Final-Page?node-id=4624%3A186211&t=mcraQNXzkntcB4fb-1","2024-05-23 11:43:01","2024-05-23 11:43:01",60,"","New Issues","[]","{'name': 'enhancement'}, {'name': 'major'}","Engineers","[{'title': '主站-问题反馈/优化'}]","[]","{'name': 'dustin'}, {'name': 'Zhang Ryla'}","[]",60.0
"https://app.zenhub.com/workspaces/64b65bd28a23b42f3ece620a/issues/zh/3915","H5端-explore页面-bot列表滑动效果优化","<img width=""848"" src=""https://api.zenhub.com/attachedFiles/eyJfcmFpbHMiOnsibWVzc2FnZSI6IkJBaHBBN2YvQkE9PSIsImV4cCI6bnVsbCwicHVyIjoiYmxvYl9pZCJ9fQ==--76b84297869c7dc69a078c557e6d6d646f3fc625/image.png"" alt=""image.png"" />

如图所示，当前列表的左右滑动效果调整为：只要是滑动无论幅度大小统一滑动到下一个列表

下方推荐位卡片的滑动效果也应该调整","2024-05-22 16:48:23","2024-05-22 17:02:01",61,"","New Issues","[]","{'name': 'enhancement'}","Engineers","[{'title': '主站-问题反馈/优化'}]","[]","{'name': 'dustin'}, {'name': 'Zhang Ryla'}, {'name': 'kaiyue kaiyue'}","[{'body': '列表/推荐位卡片滑动至最后一组时距离左侧的间距太大'}]",60.0
"https://app.zenhub.com/workspaces/64b65bd28a23b42f3ece620a/issues/zh/3970","任务已结束  依然展示 任务启动中！","<img width=""2000"" src=""https://api.zenhub.com/attachedFiles/eyJfcmFpbHMiOnsibWVzc2FnZSI6IkJBaHBBeVlOQlE9PSIsImV4cCI6bnVsbCwicHVyIjoiYmxvYl9pZCJ9fQ==--3203052b6c7b6cca653eaea56110f33a5beba565/image.png"" alt=""image.png"" />

","2024-05-24 20:59:58","2024-05-24 21:00:26",59,"","New Issues","[]","{'name': 'enhancement'}, {'name': 'website'}, {'name': 'major'}","Engineers","[{'title': '主站-问题反馈/优化'}]","[]","{'name': 'Fan Jack'}, {'name': 'maoshuyu666'}","[]",58.0
"https://app.zenhub.com/workspaces/64b65bd28a23b42f3ece620a/issues/zh/4001","用户反馈 表单上传文件 一直处于loading 未发起请求 - 偶现","<img width=""222"" src=""https://api.zenhub.com/attachedFiles/eyJfcmFpbHMiOnsibWVzc2FnZSI6IkJBaHBBeVVTQlE9PSIsImV4cCI6bnVsbCwicHVyIjoiYmxvYl9pZCJ9fQ==--40fb6c9b7d139f124a158a249f09c69b7cac9151/image.png"" alt=""image.png"" />
","2024-05-27 18:37:52","2024-05-27 18:37:52",56,"","New Issues","[]","{'name': 'bug'}, {'name': 'website'}, {'name': 'minor'}","Engineers","[{'title': '主站-问题反馈/优化'}]","[]","","[]",55.0
"https://app.zenhub.com/workspaces/64b65bd28a23b42f3ece620a/issues/zh/4028","上传图片到gpt4o后 由于图片链接错误 未展示的图片样式有误！","当前实现：未展示出图片的样式错误
<img width=""720"" src=""https://api.zenhub.com/attachedFiles/eyJfcmFpbHMiOnsibWVzc2FnZSI6IkJBaHBBNU1iQlE9PSIsImV4cCI6bnVsbCwicHVyIjoiYmxvYl9pZCJ9fQ==--dbce8dc235ad035dc5c5c9ba86640a02c77356bd/image.png"" alt=""image.png"" />

预期结果：
<img width=""599"" src=""https://api.zenhub.com/attachedFiles/eyJfcmFpbHMiOnsibWVzc2FnZSI6IkJBaHBBNVFiQlE9PSIsImV4cCI6bnVsbCwicHVyIjoiYmxvYl9pZCJ9fQ==--5c101f0941a3790c4296de7ce0f98af5b25e71f6/image.png"" alt=""image.png"" />

ui链接：
https://www.figma.com/design/HVrgYaL5vulcunQJ12FG5M/Final-Page?node-id=453-249914&t=2n0cxpavzsw8Uytc-1","2024-05-29 16:30:48","2024-05-29 16:30:48",54,"","New Issues","[]","{'name': 'bug'}, {'name': 'website'}, {'name': 'minor'}","Engineers","[{'title': '主站-问题反馈/优化'}]","[]","{'name': 'Zhang Jett'}, {'name': 'kaiyue kaiyue'}","[]",53.0
"https://app.zenhub.com/workspaces/64b65bd28a23b42f3ece620a/issues/zh/4029","Nocode-上传音频文件样式展示不正确","当前实现效果：
<img width=""1334"" src=""https://api.zenhub.com/attachedFiles/eyJfcmFpbHMiOnsibWVzc2FnZSI6IkJBaHBBNjhiQlE9PSIsImV4cCI6bnVsbCwicHVyIjoiYmxvYl9pZCJ9fQ==--e2a10da966e66bf0748b0dad7ca6a97f84824efa/Arc%202024-05-29%2016.38.43.png"" alt=""Arc 2024-05-29 16.38.43.png"" />

预期效果：
<img width=""1540"" src=""https://api.zenhub.com/attachedFiles/eyJfcmFpbHMiOnsibWVzc2FnZSI6IkJBaHBBN01iQlE9PSIsImV4cCI6bnVsbCwicHVyIjoiYmxvYl9pZCJ9fQ==--2dc98af9329d53dcf54293b85ece85ea73c37079/image.png"" alt=""image.png"" />

效果图链接：
https://www.figma.com/design/6Rq4QhPvwxe3TytjB7ZVS0/Design-System?node-id=9526-99107&t=5AoqxSQIHg8FYCPy-1","2024-05-29 16:41:23","2024-05-29 16:41:23",54,"","New Issues","[]","{'name': 'enhancement'}, {'name': 'minor'}","Engineers","[{'title': '主站-问题反馈/优化'}]","[]","{'name': 'maoshuyu666'}, {'name': 'Kun Liang'}","[]",53.0
"https://app.zenhub.com/workspaces/64b65bd28a23b42f3ece620a/issues/zh/4057","游客模式记忆 注册没有同步！","<img width=""1318"" src=""https://api.zenhub.com/attachedFiles/eyJfcmFpbHMiOnsibWVzc2FnZSI6IkJBaHBBellpQlE9PSIsImV4cCI6bnVsbCwicHVyIjoiYmxvYl9pZCJ9fQ==--97973ceb582633988e6cf00a3d67d2f97e3be122/image.png"" alt=""image.png"" />
","2024-05-30 17:29:00","2024-05-30 17:29:00",53,"","New Issues","[]","{'name': 'enhancement'}, {'name': 'major'}","Engineers","[{'title': '主站-问题反馈/优化'}]","[]","{'name': 'Fan Jack'}","[]",52.0
"https://app.zenhub.com/workspaces/64b65bd28a23b42f3ece620a/issues/zh/4084","官方bot 收藏 排序逻辑调整！","","2024-05-31 11:05:59","2024-05-31 11:06:10",52,"","New Issues","[]","{'name': 'feature'}","Engineers","[{'title': '主站-问题反馈/优化'}]","[]","{'name': 'Fan Jack'}","[]",52.0
"https://app.zenhub.com/workspaces/64b65bd28a23b42f3ece620a/issues/zh/4091","历史消息 点击button 触发新消息 需要滚动到最下方！","测试步骤
1.进入bothttps://app.myshell.ai/bot/uim2eu/1715519972
2.滚动到历史消息
3.点击任意button
预期：滚动到最下方
实际：保留原位
<img width=""1234"" src=""https://api.zenhub.com/attachedFiles/eyJfcmFpbHMiOnsibWVzc2FnZSI6IkJBaHBBd29vQlE9PSIsImV4cCI6bnVsbCwicHVyIjoiYmxvYl9pZCJ9fQ==--01ce50401a33bd4e93cbbf12217d0489e56dfb3b/image.png"" alt=""image.png"" />
","2024-05-31 15:17:55","2024-05-31 17:39:23",52,"","New Issues","[]","{'name': 'enhancement'}, {'name': 'website'}, {'name': 'major'}","Engineers","[{'title': '主站-问题反馈/优化'}, {'title': 'incubator support'}]","[]","{'name': 'Zhang Jett'}, {'name': 'Lisun0819'}","[]",52.0
"https://app.zenhub.com/workspaces/64b65bd28a23b42f3ece620a/issues/zh/4108","用户反馈 - 移动端 - 进入页面崩溃 （Application error: a client-side exception has occurred (see the browser console for more information). -未复现）","
[Private Zenhub Video](https://api.zenhub.com/attachedFiles/eyJfcmFpbHMiOnsibWVzc2FnZSI6IkJBaHBBeDBzQlE9PSIsImV4cCI6bnVsbCwicHVyIjoiYmxvYl9pZCJ9fQ==--cc6d6beac5434e035e1ac161c80a25d1c612ae48/5c7285570000000012010af6171725867502988559.mov)

","2024-06-03 09:26:07","2024-06-03 09:26:07",49,"","New Issues","[]","{'name': 'bug'}, {'name': 'website'}, {'name': 'prod issue'}, {'name': 'major'}","Engineers","[{'title': '主站-问题反馈/优化'}]","[]","{'name': 'maoshuyu666'}","[]",49.0
"https://app.zenhub.com/workspaces/64b65bd28a23b42f3ece620a/issues/zh/4110","我的Bot显示状态调整","1. Chat页面聊天列表，我创建的bot头像右下角展示公开/私有状态
<img width=""766"" src=""https://api.zenhub.com/attachedFiles/eyJfcmFpbHMiOnsibWVzc2FnZSI6IkJBaHBBem9zQlE9PSIsImV4cCI6bnVsbCwicHVyIjoiYmxvYl9pZCJ9fQ==--7d880b471dba62726275092aba2a845de014336b/image.png"" alt=""image.png"" />


2. Bot详情页，去掉Mine标签，并在头像右下角添加公开/私有状态
<img width=""794"" src=""https://api.zenhub.com/attachedFiles/eyJfcmFpbHMiOnsibWVzc2FnZSI6IkJBaHBBenNzQlE9PSIsImV4cCI6bnVsbCwicHVyIjoiYmxvYl9pZCJ9fQ==--d164a7acb06c0dd22cebe4585ba839c8a69cce9d/image.png"" alt=""image.png"" />
","2024-06-03 10:46:23","2024-06-03 10:46:23",49,"","New Issues","[]","{'name': 'enhancement'}, {'name': 'major'}","Engineers","[{'title': '主站-问题反馈/优化'}]","[]","{'name': 'Zhang Jett'}, {'name': 'dustin'}","[]",49.0
"https://app.zenhub.com/workspaces/64b65bd28a23b42f3ece620a/issues/zh/4146","奖励中心-滑动条出现时 页面会出现抖动","<img width=""319"" src=""https://api.zenhub.com/attachedFiles/eyJfcmFpbHMiOnsibWVzc2FnZSI6IkJBaHBBMnd5QlE9PSIsImV4cCI6bnVsbCwicHVyIjoiYmxvYl9pZCJ9fQ==--6a1187026782530ff87d0f74511d48b8c975eb4a/image.png"" alt=""image.png"" />
原因应该是滑动条出现时挤占了现有空间，

预期效果：
滑动条不占用现有空间","2024-06-04 10:26:48","2024-06-04 10:26:48",48,"","New Issues","[]","{'name': 'enhancement'}","Engineers","[{'title': '主站-问题反馈/优化'}]","[]","{'name': 'dustin'}, {'name': 'Zhang Ryla'}","[]",48.0
"https://app.zenhub.com/workspaces/64b65bd28a23b42f3ece620a/issues/zh/4147","H5端暗色模式-推荐位详情页顶部","当前实现效果：
<img width=""369"" src=""https://api.zenhub.com/attachedFiles/eyJfcmFpbHMiOnsibWVzc2FnZSI6IkJBaHBBM0V5QlE9PSIsImV4cCI6bnVsbCwicHVyIjoiYmxvYl9pZCJ9fQ==--56a4addf4bf2b548242f13ec859d86a8ea382e0d/image.png"" alt=""image.png"" />

预期效果：按钮与列表保持一致，暗色模式下不变色","2024-06-04 10:32:54","2024-06-04 10:32:54",48,"","New Issues","[]","{'name': 'enhancement'}","Engineers","[{'title': '主站-问题反馈/优化'}]","[]","{'name': 'dustin'}, {'name': 'Zhang Ryla'}","[]",48.0
"https://app.zenhub.com/workspaces/64b65bd28a23b42f3ece620a/issues/zh/4148","赛季banner 渐变遮罩调整","当前实现效果：
<img width=""2000"" src=""https://api.zenhub.com/attachedFiles/eyJfcmFpbHMiOnsibWVzc2FnZSI6IkJBaHBBM015QlE9PSIsImV4cCI6bnVsbCwicHVyIjoiYmxvYl9pZCJ9fQ==--193c0cce7b0e5ae24ae70e42b43e5c4a7d6e93d3/image.png"" alt=""image.png"" />

<img width=""2000"" src=""https://api.zenhub.com/attachedFiles/eyJfcmFpbHMiOnsibWVzc2FnZSI6IkJBaHBBM1F5QlE9PSIsImV4cCI6bnVsbCwicHVyIjoiYmxvYl9pZCJ9fQ==--f9f3b65e9eb85a54c9c2ffe9a1eb2d354ded8d2d/image.png"" alt=""image.png"" />

预期效果：
<img width=""1114"" src=""https://api.zenhub.com/attachedFiles/eyJfcmFpbHMiOnsibWVzc2FnZSI6IkJBaHBBM1V5QlE9PSIsImV4cCI6bnVsbCwicHVyIjoiYmxvYl9pZCJ9fQ==--749dd5638ebfbcfbaed8d3c2183d4e1575c209ab/image.png"" alt=""image.png"" />
<img width=""1156"" src=""https://api.zenhub.com/attachedFiles/eyJfcmFpbHMiOnsibWVzc2FnZSI6IkJBaHBBM2N5QlE9PSIsImV4cCI6bnVsbCwicHVyIjoiYmxvYl9pZCJ9fQ==--1b5827954af1650bed7845b42aa6141ff958194e/image.png"" alt=""image.png"" />

效果图链接：
https://www.figma.com/design/HVrgYaL5vulcunQJ12FG5M/Final-Page?node-id=4624-186211&t=N0eDIOH8cXJl5yYB-1
","2024-06-04 10:37:18","2024-06-04 10:39:04",48,"","New Issues","[]","{'name': 'enhancement'}","Engineers","[{'title': '主站-问题反馈/优化'}]","[]","{'name': 'dustin'}, {'name': 'Zhang Ryla'}","[]",48.0
"https://app.zenhub.com/workspaces/64b65bd28a23b42f3ece620a/issues/zh/4149","推荐位详情页相关优化","效果图链接：
https://www.figma.com/design/HVrgYaL5vulcunQJ12FG5M/Final-Page?node-id=4624-186211&t=N0eDIOH8cXJl5yYB-1

包括整体样式，布局和自适应调整","2024-06-04 10:45:30","2024-06-04 10:45:30",48,"","New Issues","[]","{'name': 'enhancement'}, {'name': 'major'}","Engineers","[{'title': '主站-问题反馈/优化'}]","[]","{'name': 'dustin'}, {'name': 'Zhang Ryla'}","[]",48.0
"https://app.zenhub.com/workspaces/64b65bd28a23b42f3ece620a/issues/zh/4152","组件详情页-照片墙和组件tab下的空状态不在同一高度上","当前实现效果：
<img width=""369"" src=""https://api.zenhub.com/attachedFiles/eyJfcmFpbHMiOnsibWVzc2FnZSI6IkJBaHBBeEV6QlE9PSIsImV4cCI6bnVsbCwicHVyIjoiYmxvYl9pZCJ9fQ==--232203ab0274507dbe262a4500aa76950fbb30ff/image.png"" alt=""image.png"" />
<img width=""369"" src=""https://api.zenhub.com/attachedFiles/eyJfcmFpbHMiOnsibWVzc2FnZSI6IkJBaHBBeEl6QlE9PSIsImV4cCI6bnVsbCwicHVyIjoiYmxvYl9pZCJ9fQ==--dd2e63ec522fc1ee6edec9a1084d0c6af7388754/image.png"" alt=""image.png"" />

预期效果：
统一为照片墙内的空状态高度","2024-06-04 15:19:58","2024-06-04 15:19:58",48,"","New Issues","[]","{'name': 'enhancement'}, {'name': 'minor'}","Engineers","[{'title': '主站-问题反馈/优化'}]","[]","{'name': 'Zhang Jett'}, {'name': 'dustin'}","[]",48.0
"https://app.zenhub.com/workspaces/64b65bd28a23b42f3ece620a/issues/zh/4165","H5端-点击输入框内已上传的图片时会关闭输入框","预期效果：
点击已上传图片时应该是查看大图的操作","2024-06-05 09:30:16","2024-06-05 09:30:16",47,"","New Issues","[]","{'name': 'bug'}, {'name': 'website'}, {'name': 'major'}","Engineers","[{'title': '主站-问题反馈/优化'}]","[]","{'name': 'Zhang Jett'}, {'name': 'dustin'}","[]",47.0
"https://app.zenhub.com/workspaces/64b65bd28a23b42f3ece620a/issues/zh/4175","创建bot-头像改为方形","当前实现效果：
<img width=""1200"" src=""https://api.zenhub.com/attachedFiles/eyJfcmFpbHMiOnsibWVzc2FnZSI6IkJBaHBBNDArQlE9PSIsImV4cCI6bnVsbCwicHVyIjoiYmxvYl9pZCJ9fQ==--26e9839db2c768276dd84bcaa3f24dd5e0f35da3/image.png"" alt=""image.png"" />

预期效果：
<img width=""798"" src=""https://api.zenhub.com/attachedFiles/eyJfcmFpbHMiOnsibWVzc2FnZSI6IkJBaHBBNDgrQlE9PSIsImV4cCI6bnVsbCwicHVyIjoiYmxvYl9pZCJ9fQ==--1fa85eaaba52ad689feab12a0ffcac6107181875/image.png"" alt=""image.png"" />
","2024-06-06 09:53:20","2024-06-06 09:53:20",46,"","New Issues","[]","{'name': 'enhancement'}, {'name': 'website'}","Engineers","[{'title': '主站-问题反馈/优化'}]","[]","{'name': 'dustin'}, {'name': 'Joe Jing'}","[]",46.0
"https://app.zenhub.com/workspaces/64b65bd28a23b42f3ece620a/issues/zh/4176","创建bot-重置二次确认弹窗样式与组件不符","当前实现效果：
<img width=""1178"" src=""https://api.zenhub.com/attachedFiles/eyJfcmFpbHMiOnsibWVzc2FnZSI6IkJBaHBBNUErQlE9PSIsImV4cCI6bnVsbCwicHVyIjoiYmxvYl9pZCJ9fQ==--aa3453907449af9dac9d0e027d2d3ef3a90a90a6/Arc%202024-06-06%2009.53.58.png"" alt=""Arc 2024-06-06 09.53.58.png"" />

预期效果：
<img width=""822"" src=""https://api.zenhub.com/attachedFiles/eyJfcmFpbHMiOnsibWVzc2FnZSI6IkJBaHBBNUUrQlE9PSIsImV4cCI6bnVsbCwicHVyIjoiYmxvYl9pZCJ9fQ==--de56101cd32610785984c9c522fe1fbb5250b4ce/image.png"" alt=""image.png"" />
","2024-06-06 09:56:21","2024-06-06 09:56:21",46,"","New Issues","[]","{'name': 'enhancement'}, {'name': 'website'}, {'name': 'major'}","Engineers","[{'title': '主站-问题反馈/优化'}]","[]","{'name': 'dustin'}, {'name': 'Zhang Ryla'}","[]",46.0
"https://app.zenhub.com/workspaces/64b65bd28a23b42f3ece620a/issues/zh/4179","领取奖励弹窗样式优化","当前实现效果：
<img width=""965"" src=""https://api.zenhub.com/attachedFiles/eyJfcmFpbHMiOnsibWVzc2FnZSI6IkJBaHBBNkUrQlE9PSIsImV4cCI6bnVsbCwicHVyIjoiYmxvYl9pZCJ9fQ==--2945519c7dedd0ceef9396f87fada635d1f2b67f/Arc%202024-06-06%2010.03.41.png"" alt=""Arc 2024-06-06 10.03.41.png"" />

预期效果：
<img width=""1185"" src=""https://api.zenhub.com/attachedFiles/eyJfcmFpbHMiOnsibWVzc2FnZSI6IkJBaHBBNkkrQlE9PSIsImV4cCI6bnVsbCwicHVyIjoiYmxvYl9pZCJ9fQ==--b20f138663d910deb445c50ee63071ba2e31fdb8/image.png"" alt=""image.png"" />
<img width=""1214"" src=""https://api.zenhub.com/attachedFiles/eyJfcmFpbHMiOnsibWVzc2FnZSI6IkJBaHBBNk0rQlE9PSIsImV4cCI6bnVsbCwicHVyIjoiYmxvYl9pZCJ9fQ==--57b928b369e979cb4901e4286d55005c814b5e77/image.png"" alt=""image.png"" />

背景遮罩改为深色，背景发散条渐变色值调整，内容文本亮暗色保持一致","2024-06-06 10:28:23","2024-06-06 10:28:23",46,"","New Issues","[]","{'name': 'enhancement'}, {'name': 'website'}","Engineers","[{'title': '主站-问题反馈/优化'}]","[]","{'name': 'dustin'}, {'name': 'Zhang Ryla'}","[]",46.0
"https://app.zenhub.com/workspaces/64b65bd28a23b42f3ece620a/issues/zh/4182","个人中心-绑定TG弹窗样式优化","当前实现效果：
<img width=""1286"" src=""https://api.zenhub.com/attachedFiles/eyJfcmFpbHMiOnsibWVzc2FnZSI6IkJBaHBBN0UrQlE9PSIsImV4cCI6bnVsbCwicHVyIjoiYmxvYl9pZCJ9fQ==--7585ef4deb9e58dabe5676ff74bbd37e1f3cfa1b/image.png"" alt=""image.png"" />

预期效果：
<img width=""860"" src=""https://api.zenhub.com/attachedFiles/eyJfcmFpbHMiOnsibWVzc2FnZSI6IkJBaHBBN2crQlE9PSIsImV4cCI6bnVsbCwicHVyIjoiYmxvYl9pZCJ9fQ==--956510c9a335ac1eeb960b583d6a4499cb3575ad/image.png"" alt=""image.png"" />

遮罩蒙层色值改为深色，弹窗整体样式调整

效果图链接：
https://www.figma.com/design/HNONONNOt4iRfnLQMlBKCj/Profile?node-id=996-15525&t=ScFRfRJBRGJL4jMx-1","2024-06-06 10:59:52","2024-06-06 11:18:01",46,"","New Issues","[]","{'name': 'enhancement'}, {'name': 'website'}, {'name': 'minor'}","Engineers","[{'title': '主站-问题反馈/优化'}]","[]","{'name': 'dustin'}, {'name': 'Zhang Ryla'}","[]",46.0
"https://app.zenhub.com/workspaces/64b65bd28a23b42f3ece620a/issues/zh/4185","Feedback 弹窗优化","当前实现效果：
<img width=""914"" src=""https://api.zenhub.com/attachedFiles/eyJfcmFpbHMiOnsibWVzc2FnZSI6IkJBaHBBN1ErQlE9PSIsImV4cCI6bnVsbCwicHVyIjoiYmxvYl9pZCJ9fQ==--f1adcf10bd60ad979f02329a5d91f30e46aaaeaa/image.png"" alt=""image.png"" />

预期效果：
蒙层颜色调整；弹窗内上下左右间距由12px调整为16px","2024-06-06 11:07:40","2024-06-06 11:07:40",46,"","New Issues","[]","{'name': 'enhancement'}, {'name': 'minor'}","Engineers","[{'title': '主站-问题反馈/优化'}]","[]","{'name': 'dustin'}, {'name': 'Zhang Ryla'}","[]",46.0
"https://app.zenhub.com/workspaces/64b65bd28a23b42f3ece620a/issues/zh/4187","创作者详情弹窗-头像位于其他内容对齐","当前实现效果：
<img width=""893"" src=""https://api.zenhub.com/attachedFiles/eyJfcmFpbHMiOnsibWVzc2FnZSI6IkJBaHBBMEEvQlE9PSIsImV4cCI6bnVsbCwicHVyIjoiYmxvYl9pZCJ9fQ==--f4b5009661a9191bb4f2ef77a8520faef1377292/image.png"" alt=""image.png"" />

预期效果：
<img width=""902"" src=""https://api.zenhub.com/attachedFiles/eyJfcmFpbHMiOnsibWVzc2FnZSI6IkJBaHBBME0vQlE9PSIsImV4cCI6bnVsbCwicHVyIjoiYmxvYl9pZCJ9fQ==--50451f38daf233baddb027c99c55a87bfe48d19c/image.png"" alt=""image.png"" />
头像和其他内容左侧间距保持一致","2024-06-06 15:03:40","2024-06-06 15:03:40",46,"","New Issues","[]","{'name': 'enhancement'}, {'name': 'major'}","Engineers","[{'title': '主站-问题反馈/优化'}]","[]","{'name': 'Zhang Jett'}, {'name': 'dustin'}, {'name': 'Zhang Ryla'}","[]",46.0
"https://app.zenhub.com/workspaces/64b65bd28a23b42f3ece620a/issues/zh/4191","消息气泡内播放语音按钮图标与效果图不一致","当前实现效果：
<img width=""732"" src=""https://api.zenhub.com/attachedFiles/eyJfcmFpbHMiOnsibWVzc2FnZSI6IkJBaHBBN3RGQlE9PSIsImV4cCI6bnVsbCwicHVyIjoiYmxvYl9pZCJ9fQ==--3b41c2587103736495ea28141f7a5299d2e2332b/Arc%202024-06-07%2016.52.37.png"" alt=""Arc 2024-06-07 16.52.37.png"" />

预期效果：
<img width=""2000"" src=""https://api.zenhub.com/attachedFiles/eyJfcmFpbHMiOnsibWVzc2FnZSI6IkJBaHBBN3hGQlE9PSIsImV4cCI6bnVsbCwicHVyIjoiYmxvYl9pZCJ9fQ==--f45d3948fd67c6b8101383c40d08e0a510e3afe9/image.png"" alt=""image.png"" />
","2024-06-07 16:55:02","2024-06-07 16:55:02",45,"","New Issues","[]","{'name': 'enhancement'}, {'name': 'website'}, {'name': 'minor'}","Engineers","[{'title': '主站-问题反馈/优化'}]","[]","{'name': 'Zhang Jett'}, {'name': 'dustin'}","[]",44.0
"https://app.zenhub.com/workspaces/64b65bd28a23b42f3ece620a/issues/zh/4192","创建bot-Learn more弹窗样式与组件对齐","当前实现效果：
<img width=""973"" src=""https://api.zenhub.com/attachedFiles/eyJfcmFpbHMiOnsibWVzc2FnZSI6IkJBaHBBOUpGQlE9PSIsImV4cCI6bnVsbCwicHVyIjoiYmxvYl9pZCJ9fQ==--65f3dbda133a2d695ea1bc3da703acf0fbf6dc67/Pasted%20Graphic%204.png"" alt=""Pasted Graphic 4.png"" />
需要把当前弹窗的背景遮罩，圆角，顶部标题与右侧关闭icon与现有弹窗组件对齐","2024-06-07 17:11:32","2024-06-07 17:11:32",45,"","New Issues","[]","{'name': 'enhancement'}, {'name': 'minor'}","Engineers","[{'title': '主站-问题反馈/优化'}]","[]","{'name': 'dustin'}, {'name': 'Zhang Ryla'}","[]",44.0
"https://app.zenhub.com/workspaces/64b65bd28a23b42f3ece620a/issues/zh/4199","上传图片成功 需要把链接换成图片展示！- 优化 ","<img width=""720"" src=""https://api.zenhub.com/attachedFiles/eyJfcmFpbHMiOnsibWVzc2FnZSI6IkJBaHBBeTVHQlE9PSIsImV4cCI6bnVsbCwicHVyIjoiYmxvYl9pZCJ9fQ==--51ebce7aae88979b735a93ddea389915f144c488/image.png"" alt=""image.png"" />
","2024-06-07 18:16:58","2024-06-07 18:16:58",45,"","New Issues","[]","{'name': 'enhancement'}, {'name': 'website'}, {'name': 'major'}","Engineers","[{'title': '主站-问题反馈/优化'}, {'title': 'incubator support'}]","[]","{'name': 'Fan Jack'}","[{'body': '后端返回图片标签就能解析'}]",44.0
"https://app.zenhub.com/workspaces/64b65bd28a23b42f3ece620a/issues/zh/4201","任务已经失败了 但是chat list依然展示任务启动中！","预期：任务失败！
<img width=""326"" src=""https://api.zenhub.com/attachedFiles/eyJfcmFpbHMiOnsibWVzc2FnZSI6IkJBaHBBMXhHQlE9PSIsImV4cCI6bnVsbCwicHVyIjoiYmxvYl9pZCJ9fQ==--e3a080b0a9abfffe34059e9e2dc436e55e58fca7/image.png"" alt=""image.png"" />
<img width=""332"" src=""https://api.zenhub.com/attachedFiles/eyJfcmFpbHMiOnsibWVzc2FnZSI6IkJBaHBBMTFHQlE9PSIsImV4cCI6bnVsbCwicHVyIjoiYmxvYl9pZCJ9fQ==--f41bd8953dbb5940cbfdd054ac0b488a4e282023/image.png"" alt=""image.png"" />
","2024-06-07 18:56:16","2024-06-07 18:58:34",45,"","New Issues","[]","{'name': 'bug'}, {'name': 'website'}, {'name': 'major'}","Engineers","[{'title': '主站-问题反馈/优化'}, {'title': 'incubator support'}]","[]","{'name': 'Tyler-Myshell'}","[]",44.0
"https://app.zenhub.com/workspaces/64b65bd28a23b42f3ece620a/issues/zh/4271","Pc端输入框处于禁用状态时-吸顶-点击输入框应回到聊天区域","<img width=""1605"" src=""https://api.zenhub.com/attachedFiles/eyJfcmFpbHMiOnsibWVzc2FnZSI6IkJBaHBBNkJwQlE9PSIsImV4cCI6bnVsbCwicHVyIjoiYmxvYl9pZCJ9fQ==--f2a18421ff59d4ba3f3a67391a8ce0e32d9bdd93/Arc%202024-06-17%2011.19.53.png"" alt=""Arc 2024-06-17 11.19.53.png"" />
Pc端输入框处于禁用状态时-吸顶-点击输入框应回到聊天区域
","2024-06-17 11:54:40","2024-06-17 11:54:40",35,"","New Issues","[]","{'name': 'enhancement'}, {'name': 'website'}, {'name': 'major'}","Engineers","[{'title': '主站-问题反馈/优化'}]","[]","{'name': 'Zhang Jett'}, {'name': 'dustin'}","[]",35.0
"https://app.zenhub.com/workspaces/64b65bd28a23b42f3ece620a/issues/zh/4281","Sentry 增加自定义上报功能","","2024-06-18 12:26:23","2024-06-18 12:26:23",34,"","New Issues","[]","{'name': 'enhancement'}, {'name': 'website'}","Engineers","[{'title': '主站-问题反馈/优化'}]","[]","{'name': 'Iven Zhang'}, {'name': 'Joe Jing'}","[]",34.0
"https://app.zenhub.com/workspaces/64b65bd28a23b42f3ece620a/issues/zh/4307","pro config过大解析慢保存不了","json:

[新建文本文档.txt](https://api.zenhub.com/attachedFiles/eyJfcmFpbHMiOnsibWVzc2FnZSI6IkJBaHBBeVIyQlE9PSIsImV4cCI6bnVsbCwicHVyIjoiYmxvYl9pZCJ9fQ==--8b16d0c5de8855ef1d9b67b3664628bbb33ed89b/%E6%96%B0%E5%BB%BA%E6%96%87%E6%9C%AC%E6%96%87%E6%A1%A3.txt)

<img width=""372"" src=""https://api.zenhub.com/attachedFiles/eyJfcmFpbHMiOnsibWVzc2FnZSI6IkJBaHBBeWwyQlE9PSIsImV4cCI6bnVsbCwicHVyIjoiYmxvYl9pZCJ9fQ==--99cb642409b2dcea811a757e14099b9279c78da1/image.png"" alt=""image.png"" />
","2024-06-19 17:56:51","2024-06-19 17:56:51",33,"","New Issues","[]","{'name': 'bug'}, {'name': 'server'}, {'name': 'minor'}","Engineers","[{'title': '主站-问题反馈/优化'}]","[]","{'name': 'Chen Boyn'}, {'name': 'kaiyue kaiyue'}","[]",32.0
"https://app.zenhub.com/workspaces/64b65bd28a23b42f3ece620a/issues/zh/4311","gpt4o超过上限会被截断","<img width=""719"" src=""https://api.zenhub.com/attachedFiles/eyJfcmFpbHMiOnsibWVzc2FnZSI6IkJBaHBBODE4QlE9PSIsImV4cCI6bnVsbCwicHVyIjoiYmxvYl9pZCJ9fQ==--5d5ef35e0ff776d1f7f9770de7ac94dd3f9bacd5/image.png"" alt=""image.png"" />

当前上限1000","2024-06-20 22:53:57","2024-06-20 22:54:41",32,"","New Issues","[]","{'name': 'enhancement'}, {'name': 'server'}, {'name': 'major'}","Engineers","[{'title': '主站-问题反馈/优化'}]","[]","{'name': 'Tyler-Myshell'}, {'name': 'kaiyue kaiyue'}","[]",31.0
"https://app.zenhub.com/workspaces/64b65bd28a23b42f3ece620a/issues/zh/4323","用户反馈 - 页面偶热加载不出来了 - 偶现","## 问题描述

- **具体问题**：
页面偶热加载不出来了
- **操作步骤**：
1.不停切换页面
- **期望结果**：
正常看到页面结果
- **实际结果**：
展示失败

## 环境信息

- **操作系统**：XX
- **浏览器/应用版本**：XX
- **设备信息**：XX

## 时间戳

- **发生时间**：2024/6/20-2024/6/22

## 频率

- **问题频率**：偶尔发生

## 用户信息

- *钱包地址*：XX
## 网络情况

- **网络类型**：403
- **网络请求详情**：CF-Ray: 89720abe2a6d410c-SIN

## 附件

- **屏幕截图/视频**：
<img width=""719"" src=""https://api.zenhub.com/attachedFiles/eyJfcmFpbHMiOnsibWVzc2FnZSI6IkJBaHBBL2lFQlE9PSIsImV4cCI6bnVsbCwicHVyIjoiYmxvYl9pZCJ9fQ==--c29a1953353a2bfd313c4c6fec334b84cefc87e1/image.png"" alt=""image.png"" />
","2024-06-24 08:31:49","2024-06-24 08:33:07",28,"","New Issues","[]","{'name': 'bug'}, {'name': 'server'}, {'name': 'website'}, {'name': 'prod issue'}, {'name': 'critical'}","Engineers","[{'title': '主站-问题反馈/优化'}]","[]","{'name': 'vinstic'}, {'name': 'maoshuyu666'}","[]",28.0
"https://app.zenhub.com/workspaces/64b65bd28a23b42f3ece620a/issues/zh/4326","validate 和 save 两个连着点击过快弹出toast-优化","预期结果：
在未 validate 时候把 Save 按钮 disable 掉

<img width=""719"" src=""https://api.zenhub.com/attachedFiles/eyJfcmFpbHMiOnsibWVzc2FnZSI6IkJBaHBBKzZGQlE9PSIsImV4cCI6bnVsbCwicHVyIjoiYmxvYl9pZCJ9fQ==--735b1a5d0a18ca736a147d7055d3e4514efc7c1d/image.png"" alt=""image.png"" />
","2024-06-24 15:24:39","2024-06-24 15:24:39",28,"","New Issues","[]","{'name': 'enhancement'}, {'name': 'website'}, {'name': 'minor'}","Engineers","[{'title': '主站-问题反馈/优化'}]","[]","{'name': 'kaiyue kaiyue'}, {'name': 'Joe Jing'}","[]",27.0
"https://app.zenhub.com/workspaces/64b65bd28a23b42f3ece620a/issues/zh/4373","Web2聊天中移除法网发往Testnet的RPC请求","","2024-06-26 20:27:24","2024-06-26 20:27:24",26,"","New Issues","[]","{'name': 'enhancement'}, {'name': 'website'}","Engineers","[{'title': '主站-问题反馈/优化'}]","[]","{'name': 'Iven Zhang'}","[{'body': '<img width=""895"" src=""https://api.zenhub.com/attachedFiles/eyJfcmFpbHMiOnsibWVzc2FnZSI6IkJBaHBBOU9TQlE9PSIsImV4cCI6bnVsbCwicHVyIjoiYmxvYl9pZCJ9fQ==--9955319c6f86b8b4eb5ae65d29666868de801156/image.png"" alt=""image.png"" />\n\nWeb2 切换Bot也会发起rpc请求'}]",25.0
"https://app.zenhub.com/workspaces/64b65bd28a23b42f3ece620a/issues/zh/4374","web2请求展示了有testnet相关  占用了浏览器并行请求数","如图所示：
<img width=""720"" src=""https://api.zenhub.com/attachedFiles/eyJfcmFpbHMiOnsibWVzc2FnZSI6IkJBaHBBM3VUQlE9PSIsImV4cCI6bnVsbCwicHVyIjoiYmxvYl9pZCJ9fQ==--5b5998d0560a8081f65d675f3a6a35544f3b90f2/image.png"" alt=""image.png"" />

预期结果：
web2里把这些接口请求去掉","2024-06-26 22:21:59","2024-06-26 22:21:59",26,"","New Issues","[]","{'name': 'enhancement'}, {'name': 'website'}, {'name': 'major'}","Engineers","[{'title': '主站-问题反馈/优化'}]","[]","{'name': 'Iven Zhang'}","[]",25.0
"https://app.zenhub.com/workspaces/64b65bd28a23b42f3ece620a/issues/zh/4401","MyShell报错拼写错误！","<img width=""1028"" src=""https://api.zenhub.com/attachedFiles/eyJfcmFpbHMiOnsibWVzc2FnZSI6IkJBaHBBNDZYQlE9PSIsImV4cCI6bnVsbCwicHVyIjoiYmxvYl9pZCJ9fQ==--a6d28486eea11d84771573589aabe7204c466637/image.png"" alt=""image.png"" />
","2024-06-27 16:32:54","2024-06-27 16:32:54",25,"","New Issues","[]","{'name': 'enhancement'}, {'name': 'prod issue'}, {'name': 'minor'}","Engineers","[{'title': '主站-问题反馈/优化'}]","[]","{'name': 'Chen Boyn'}, {'name': 'kaiyue kaiyue'}","[]",24.0
"https://app.zenhub.com/workspaces/64b65bd28a23b42f3ece620a/issues/zh/4405","变更json内容后保存按钮没有高亮展示-偶现","<img width=""1363"" src=""https://api.zenhub.com/attachedFiles/eyJfcmFpbHMiOnsibWVzc2FnZSI6IkJBaHBBOXVYQlE9PSIsImV4cCI6bnVsbCwicHVyIjoiYmxvYl9pZCJ9fQ==--82a228b5dd8716ee6e467e12bd898b99c5721a54/image.png"" alt=""image.png"" />


","2024-06-27 17:29:28","2024-07-17 16:49:08",25,"","New Issues","[]","{'name': 'bug'}, {'name': 'website'}, {'name': 'prod issue'}, {'name': 'critical'}","Engineers","[{'title': '主站-问题反馈/优化'}]","[]","{'name': 'maoshuyu666'}, {'name': 'Joe Jing'}","[{'body': 'test环境下又可以复现\nbot链接：\nhttps://app-test.myshell.ai/bot/mumqIb/1711702920\n\n<img width=""720"" src=""https://api.zenhub.com/attachedFiles/eyJfcmFpbHMiOnsibWVzc2FnZSI6IkJBaHBBNkhuQlE9PSIsImV4cCI6bnVsbCwicHVyIjoiYmxvYl9pZCJ9fQ==--ecf38cd77367064dc67ab22f6808ef2e68d49fd8/image.png"" alt=""image.png"" />\n\njson文本：\n[新建文本文档.txt](https://api.zenhub.com/attachedFiles/eyJfcmFpbHMiOnsibWVzc2FnZSI6IkJBaHBBNlBuQlE9PSIsImV4cCI6bnVsbCwicHVyIjoiYmxvYl9pZCJ9fQ==--04a31d469d7a31546eda58d018f84bcfb77a17fb/%E6%96%B0%E5%BB%BA%E6%96%87%E6%9C%AC%E6%96%87%E6%A1%A3.txt)\n\n'}]",24.0
"https://app.zenhub.com/workspaces/64b65bd28a23b42f3ece620a/issues/zh/4407","修改bot报的错误原因”unknown issue“模糊","当前实现：（修改bot时又报这个错了，我们这个错误原因”unknown issue“太模糊了）
<img width=""480"" src=""https://api.zenhub.com/attachedFiles/eyJfcmFpbHMiOnsibWVzc2FnZSI6IkJBaHBBL21ZQlE9PSIsImV4cCI6bnVsbCwicHVyIjoiYmxvYl9pZCJ9fQ==--109c9d5ebe156f1c3118578c6736644cd2cb2e75/image.png"" alt=""image.png"" />

json:
[新建文本文档.txt](https://api.zenhub.com/attachedFiles/eyJfcmFpbHMiOnsibWVzc2FnZSI6IkJBaHBBLzZZQlE9PSIsImV4cCI6bnVsbCwicHVyIjoiYmxvYl9pZCJ9fQ==--c50be322ca3dd0624fafb7ac77d9a760e2a6c182/%E6%96%B0%E5%BB%BA%E6%96%87%E6%9C%AC%E6%96%87%E6%A1%A3.txt)

预期结果：
错误信息能够在save的时候实现","2024-06-27 21:58:51","2024-06-27 21:58:51",25,"","New Issues","[]","{'name': 'enhancement'}, {'name': 'server'}, {'name': 'prod issue'}","Engineers","[{'title': '主站-问题反馈/优化'}]","[]","{'name': 'Chen Boyn'}","[]",24.0
"https://app.zenhub.com/workspaces/64b65bd28a23b42f3ece620a/issues/zh/4411","chat页url输入一个不存在的botid，页面一直是骨架屏，没有404！","<img width=""720"" src=""https://api.zenhub.com/attachedFiles/eyJfcmFpbHMiOnsibWVzc2FnZSI6IkJBaHBBeG1jQlE9PSIsImV4cCI6bnVsbCwicHVyIjoiYmxvYl9pZCJ9fQ==--942d0f28767adee6ebcad3b548c2709bbbd5cae0/image.png"" alt=""image.png"" />
","2024-06-28 11:04:22","2024-06-28 11:04:22",24,"","New Issues","[]","{'name': 'feature'}, {'name': 'website'}, {'name': 'major'}","Engineers","[{'title': '主站-问题反馈/优化'}]","[]","{'name': 'Zhang Jett'}, {'name': 'maoshuyu666'}","[]",24.0
"https://app.zenhub.com/workspaces/64b65bd28a23b42f3ece620a/issues/zh/4415","英语UI下部分bot的名字或者描述存在未翻译现象","<img width=""720"" src=""https://api.zenhub.com/attachedFiles/eyJfcmFpbHMiOnsibWVzc2FnZSI6IkJBaHBBL3FjQlE9PSIsImV4cCI6bnVsbCwicHVyIjoiYmxvYl9pZCJ9fQ==--e535ba29603111408a0954d9e5853a8c5d1793b2/image.png"" alt=""image.png"" />

<img width=""720"" src=""https://api.zenhub.com/attachedFiles/eyJfcmFpbHMiOnsibWVzc2FnZSI6IkJBaHBBL3VjQlE9PSIsImV4cCI6bnVsbCwicHVyIjoiYmxvYl9pZCJ9fQ==--1b74481faaf1bacb45ac59708227fcb758fabb9a/image.png"" alt=""image.png"" />

<img width=""720"" src=""https://api.zenhub.com/attachedFiles/eyJfcmFpbHMiOnsibWVzc2FnZSI6IkJBaHBBL3ljQlE9PSIsImV4cCI6bnVsbCwicHVyIjoiYmxvYl9pZCJ9fQ==--dfedb13d471cc4b623578eb19a53a81f4665dff3/image.png"" alt=""image.png"" />

<img width=""513"" src=""https://api.zenhub.com/attachedFiles/eyJfcmFpbHMiOnsibWVzc2FnZSI6IkJBaHBBLzJjQlE9PSIsImV4cCI6bnVsbCwicHVyIjoiYmxvYl9pZCJ9fQ==--8dfcc3195226b223c08cb8b97af25cd12e6da824/image.png"" alt=""image.png"" />

预期结果：
预期是全部翻成英文展示","2024-06-28 15:52:58","2024-06-28 15:54:30",24,"","New Issues","[]","{'name': 'enhancement'}, {'name': 'prod issue'}, {'name': 'minor'}","Engineers","[{'title': '主站-问题反馈/优化'}]","[]","{'name': 'vinstic'}","[]",23.0
"https://app.zenhub.com/workspaces/64b65bd28a23b42f3ece620a/issues/zh/4432","表单上传图片 图片格式为jfif 展示可以上传 点击后没有效果！","## 问题描述

- **具体问题**：
表单上传图片 图片格式为jfif 展示可以上传 点击后没有效果！
- **操作步骤**：
1.存在一个格式为jfif的图片
2.去到bot https://app.myshell.ai/bot/fQray2/1711178460
3.点击button clay
4.图片上传选择jfif的图片
- **期望结果**：
上传成功或者选择的时候置灰不让选择
- **实际结果**：
选择图片后没效果

## 环境信息

- **操作系统**：Windows 10
- **浏览器/应用版本**：Chrome
- **设备信息**：PC

## 时间戳

- **发生时间**：2024/7/3

## 频率

- **问题频率**：必现

## 用户信息

- **钱包地址**：XXX

## 网络情况

- **网络类型**：XXX
- **网络请求详情**：XXX

## 附件

- **屏幕截图/视频**：

[Private Zenhub Video](https://api.zenhub.com/attachedFiles/eyJfcmFpbHMiOnsibWVzc2FnZSI6IkJBaHBBNDJzQlE9PSIsImV4cCI6bnVsbCwicHVyIjoiYmxvYl9pZCJ9fQ==--3b02fe9485db092bd3edd2b9c62aa88da11c6796/QQ202473-11139.mp4)



## 结论

- **原因描述**：[开发说明BUG产生的原因]-必填","2024-07-03 10:58:40","2024-07-03 11:02:09",19,"","New Issues","[]","{'name': 'bug'}, {'name': 'website'}, {'name': 'prod issue'}, {'name': 'major'}","Engineers","[{'title': '主站-问题反馈/优化'}]","[]","{'name': 'maoshuyu666'}","[]",19.0
"https://app.zenhub.com/workspaces/64b65bd28a23b42f3ece620a/issues/zh/4611","删除二次确认弹窗样式调整","删除消息的二次确认弹窗以及清空聊天记录的二次确认弹窗样式改为通知提示类的弹窗

当前实现：
 <img width=""1200"" src=""https://api.zenhub.com/attachedFiles/eyJfcmFpbHMiOnsibWVzc2FnZSI6IkJBaHBBMWJJQlE9PSIsImV4cCI6bnVsbCwicHVyIjoiYmxvYl9pZCJ9fQ==--e57bf79d7ed301a26e3cd80bb5c1b015895752c3/Arc%202024-07-10%2012.04.36.png"" alt=""Arc 2024-07-10 12.04.36.png"" />

预期：
<img width=""938"" src=""https://api.zenhub.com/attachedFiles/eyJfcmFpbHMiOnsibWVzc2FnZSI6IkJBaHBBMWZJQlE9PSIsImV4cCI6bnVsbCwicHVyIjoiYmxvYl9pZCJ9fQ==--63e437246a23a341ba45d851dbfdf088528f4165/Figma%202024-07-10%2012.04.04.png"" alt=""Figma 2024-07-10 12.04.04.png"" />
","2024-07-10 12:06:30","2024-07-10 12:06:30",12,"","New Issues","[]","{'name': 'enhancement'}, {'name': 'minor'}","Engineers","[{'title': '主站-问题反馈/优化'}]","[]","{'name': 'dustin'}, {'name': 'Zhang Ryla'}","[]",12.0
"https://app.zenhub.com/workspaces/64b65bd28a23b42f3ece620a/issues/zh/4625","全局toast提示样式调整","当前实现效果：
<img width=""602"" src=""https://api.zenhub.com/attachedFiles/eyJfcmFpbHMiOnsibWVzc2FnZSI6IkJBaHBBLy9JQlE9PSIsImV4cCI6bnVsbCwicHVyIjoiYmxvYl9pZCJ9fQ==--d20909e2e560f01cc0048d1c24b5584a9a2414c4/image.png"" alt=""image.png"" />
预期效果：
<img width=""710"" src=""https://api.zenhub.com/attachedFiles/eyJfcmFpbHMiOnsibWVzc2FnZSI6IkJBaHBBd0xKQlE9PSIsImV4cCI6bnVsbCwicHVyIjoiYmxvYl9pZCJ9fQ==--fc9d2f8a61638a5fa2a20cb41abd241e78b1a826/image.png"" alt=""image.png"" />
需统一成这种组件

效果图链接：
https://www.figma.com/design/6Rq4QhPvwxe3TytjB7ZVS0/Design-System?node-id=7450-23919&t=B0vtkqgePaFcjNjj-1","2024-07-10 15:49:11","2024-07-10 15:49:33",12,"","New Issues","[]","{'name': 'enhancement'}, {'name': 'major'}","Engineers","[{'title': '主站-问题反馈/优化'}]","[]","{'name': 'dustin'}, {'name': 'Zhang Ryla'}","[]",11.0
"https://app.zenhub.com/workspaces/64b65bd28a23b42f3ece620a/issues/zh/4720","【产品反馈_7/12】移动端(IOS)H5页，""https://docs.myshell.ai/tokenomics""该页没正常渲染","## 问题描述

- **具体问题**：
移动端(IOS)H5页，""https://docs.myshell.ai/tokenomics""该页没正常渲染
- **操作步骤**：
1、移动端(IOS)H5页，进入该""https://docs.myshell.ai/tokenomics""页面；
2、查看页面底部图案是否被正常渲染
预期结果：底部图案被正常渲染
- **实际结果**：
底部文案未被正常渲染
## 环境信息

- **浏览器/应用版本**：Safari 
- **设备信息**：苹果

## Slack 链接：[https://myshellhq.slack.com/archives/C05KCDVJY7K/p1720407359605419](https://myshellhq.slack.com/archives/C05KCDVJY7K/p1720746904319779)

## 时间戳

- **发生时间**：2024/07/12

## 频率

- **问题频率**：必现
## 用户信息

- **钱包地址**：[0xaeXXXXXXXXXXXXXXXXXXXXX]

## 网络情况

- **网络类型**：WIfi

## 附件

- **屏幕截图/视频**：

<img width=""1031"" src=""https://api.zenhub.com/attachedFiles/eyJfcmFpbHMiOnsibWVzc2FnZSI6IkJBaHBBL0xUQlE9PSIsImV4cCI6bnVsbCwicHVyIjoiYmxvYl9pZCJ9fQ==--dba160db1bbf4102250be129436667a420e250a3/image.png"" alt=""image.png"" />


- **原因描述**：[开发说明BUG产生的原因]-必填

","2024-07-12 09:36:48","2024-07-12 09:36:48",10,"","New Issues","[]","{'name': 'bug'}, {'name': 'major'}","Engineers","[{'title': '主站-问题反馈/优化'}]","[]","{'name': 'Sunny'}","[]",10.0
"https://app.zenhub.com/workspaces/64b65bd28a23b42f3ece620a/issues/zh/4768","积分扣除提示弹窗样式调整","改为新的样式：
https://www.figma.com/design/MlkiGTa62Azfv7Fh35VPnA/Reward-center?node-id=4498-136045&t=u4vgYo1NrizPenju-1","2024-07-12 18:08:31","2024-07-12 18:08:31",10,"","New Issues","[]","{'name': 'enhancement'}, {'name': 'minor'}","Engineers","[{'title': '主站-问题反馈/优化'}]","[]","{'name': 'dustin'}, {'name': 'maoshuyu666'}","[]",9.0
"https://app.zenhub.com/workspaces/64b65bd28a23b42f3ece620a/issues/zh/4819","【产品反馈_7/13】Bot 欢迎语下方的 button 显示有误，未根据消息宽度自适应","## 问题描述

- **具体问题**：
Bot 欢迎语下方的 button 显示有误，未根据消息宽度自适应
- **操作步骤**：
1、进入 Bot 聊天页，选择对应的 Bot;
2、进入内页后，查看该 Bot 欢迎语下方的 button 显示；
预期结果：根据消息宽度自适应
- **实际结果**：
未根据消息宽度自适应
## 环境信息

- **浏览器/应用版本**：Chrome
- **设备信息**：PC

## Slack 链接：https://myshellhq.slack.com/archives/C05KCDVJY7K/p1720882369880909

## 时间戳

- **发生时间**：2024/07/13

## 频率

- **问题频率**：必现

## 用户信息

- **钱包地址**：[0xaeXXXXXXXXXXXXXXXXXXXXX]

## 网络情况

- **网络类型**：Wifi

## 附件

- **屏幕截图/视频**：

<img width=""1455"" src=""https://api.zenhub.com/attachedFiles/eyJfcmFpbHMiOnsibWVzc2FnZSI6IkJBaHBBNGZhQlE9PSIsImV4cCI6bnVsbCwicHVyIjoiYmxvYl9pZCJ9fQ==--4a3ec083eaca2895dc05ebfe3db32471f235a22d/image.png"" alt=""image.png"" />

Bot 链接：https://myshellhq.slack.com/archives/C05KCDVJY7K/p1720943656197209?thread_ts=1720882369.880909&cid=C05KCDVJY7K

- **原因描述**：[开发说明BUG产生的原因]-必填

","2024-07-15 10:25:26","2024-07-15 10:25:26",7,"","New Issues","[]","{'name': 'bug'}, {'name': 'major'}","Engineers","[{'title': '主站-问题反馈/优化'}]","[]","{'name': 'Chen Boyn'}","[]",7.0
"https://app.zenhub.com/workspaces/64b65bd28a23b42f3ece620a/issues/zh/4820","兑换二次确认弹窗样式调整","当前实现：
<img width=""1280"" src=""https://api.zenhub.com/attachedFiles/eyJfcmFpbHMiOnsibWVzc2FnZSI6IkJBaHBBNlhhQlE9PSIsImV4cCI6bnVsbCwicHVyIjoiYmxvYl9pZCJ9fQ==--56f06298e040e483070d29b019dbb09040c2558d/Slack%202024-07-15%2011.09.25.png"" alt=""Slack 2024-07-15 11.09.25.png"" />


预期效果：
改用通知提示类的弹窗
<img width=""1160"" src=""https://api.zenhub.com/attachedFiles/eyJfcmFpbHMiOnsibWVzc2FnZSI6IkJBaHBBNmJhQlE9PSIsImV4cCI6bnVsbCwicHVyIjoiYmxvYl9pZCJ9fQ==--4626feca30f1807b448ed3d611e2068a145722df/Figma%202024-07-15%2011.09.08.png"" alt=""Figma 2024-07-15 11.09.08.png"" />
","2024-07-15 11:10:59","2024-07-15 11:10:59",7,"","New Issues","[]","{'name': 'enhancement'}, {'name': 'minor'}","Engineers","[{'title': '主站-问题反馈/优化'}]","[]","{'name': 'dustin'}, {'name': 'maoshuyu666'}","[]",7.0
"https://app.zenhub.com/workspaces/64b65bd28a23b42f3ece620a/issues/zh/4835","[主流程回归]-与bot视频聊天 当没有电量后,自动结束,说话依然在监听,并且bot依然回复,耳机也有声音！","


## 问题描述

- **具体问题**：
视频通过 当没有电量后,自动结束,说话依然在监听,并且bot依然回复,耳机也有声音！
- **操作步骤**：
1.与bot https://app-test.myshell.ai/zh/chat/342 进行视频通过
2.直到语音结果自动退出
3,继续说话
- **期望结果**：用户期望看到的结果。
- **实际结果**：实际出现的结果。
[Private Zenhub Video](https://api.zenhub.com/attachedFiles/eyJfcmFpbHMiOnsibWVzc2FnZSI6IkJBaHBBenZiQlE9PSIsImV4cCI6bnVsbCwicHVyIjoiYmxvYl9pZCJ9fQ==--a55407412d696941c4ee5f5a5694c729795f5219/QQ2024715-155049.mp4)
## 环境信息

- **操作系统**：[例如：Windows 10, macOS Catalina, Ubuntu 18.04]
- **浏览器/应用版本**：[例如：Chrome 88, Safari 14]
- **设备信息**：[例如：PC, iPad Pro, Samsung Galaxy S10]

## 时间戳

- **发生时间**：[具体日期和时间]

## 频率

- **问题频率**：[例如：每次、偶尔发生]

## 用户信息

- **钱包地址**：[0xaeXXXXXXXXXXXXXXXXXXXXX]

## 网络情况

- **网络类型**：[例如：Wi-Fi, 4G]
- **网络请求详情**：[如果适用]

## 附件

- **屏幕截图/视频**：[如果适用，附加文件或链接]

## 结论

- **原因描述**：[开发说明BUG产生的原因]-必填","2024-07-15 15:54:41","2024-07-15 15:56:04",7,"","New Issues","[]","{'name': 'bug'}, {'name': 'server'}, {'name': 'website'}, {'name': 'critical'}","Engineers","[{'title': '主站-问题反馈/优化'}, {'title': 'badge 上链'}]","[]","{'name': 'Chen Boyn'}, {'name': 'Zhang Jett'}","[]",6.0
"https://app.zenhub.com/workspaces/64b65bd28a23b42f3ece620a/issues/zh/4836","[主流程回归] Mybot bot上传照片墙 特殊图片上传失败 500！","
## 问题描述

- **具体问题**：详细描述遇到的问题。
- **操作步骤**：
1.上传图片
<img width=""565"" src=""https://api.zenhub.com/attachedFiles/eyJfcmFpbHMiOnsibWVzc2FnZSI6IkJBaHBBMVhiQlE9PSIsImV4cCI6bnVsbCwicHVyIjoiYmxvYl9pZCJ9fQ==--16e336da8dc71ff4c098c27233ad0658b37646e1/738b4710b912c8fcc3cefa418b558545d688d53f8bb.png"" alt=""738b4710b912c8fcc3cefa418b558545d688d53f8bb.png"" />

- **期望结果**：用户期望看到的结果。
- **实际结果**：实际出现的结果。
<img width=""1132"" src=""https://api.zenhub.com/attachedFiles/eyJfcmFpbHMiOnsibWVzc2FnZSI6IkJBaHBBMUxiQlE9PSIsImV4cCI6bnVsbCwicHVyIjoiYmxvYl9pZCJ9fQ==--469f0b78ba8125da5963fd0665f7a5da654a0f57/image.png"" alt=""image.png"" />
## 环境信息

- **操作系统**：[例如：Windows 10, macOS Catalina, Ubuntu 18.04]
- **浏览器/应用版本**：[例如：Chrome 88, Safari 14]
- **设备信息**：[例如：PC, iPad Pro, Samsung Galaxy S10]

## 时间戳

- **发生时间**：[具体日期和时间]

## 频率

- **问题频率**：[例如：每次、偶尔发生]

## 用户信息

- **钱包地址**：[0xaeXXXXXXXXXXXXXXXXXXXXX]

## 网络情况

- **网络类型**：[例如：Wi-Fi, 4G]
- **网络请求详情**：[如果适用]

## 附件

- **屏幕截图/视频**：[如果适用，附加文件或链接]

## 结论

- **原因描述**：[开发说明BUG产生的原因]-必填","2024-07-15 16:22:47","2024-07-15 16:23:13",7,"","New Issues","[]","{'name': 'bug'}, {'name': 'server'}, {'name': 'major'}","Engineers","[{'title': '主站-问题反馈/优化'}]","[]","{'name': 'Chen Boyn'}","[]",6.0
"https://app.zenhub.com/workspaces/64b65bd28a23b42f3ece620a/issues/zh/4885","退出登录后 重新登录会去到工坊页！","## 问题描述

- **具体问题**：退出登录后 去到chat 重新登录会去到工坊页！
- **操作步骤**：
1.退出登录
2.去到chat
3.点击登录
- **期望结果**：
在哪里登录 登录成功后需要停留在哪里
- **实际结果**：实际出现的结果。
退出登录后 去到chat 重新登录会去到工坊页！
## 环境信息

- **操作系统**：[例如：Windows 10, macOS Catalina, Ubuntu 18.04]
- **浏览器/应用版本**：[例如：Chrome 88, Safari 14]
- **设备信息**：[例如：PC, iPad Pro, Samsung Galaxy S10]

## 时间戳

- **发生时间**：[具体日期和时间]

## 频率

- **问题频率**：[例如：每次、偶尔发生]

## 用户信息

- **钱包地址**：[0xaeXXXXXXXXXXXXXXXXXXXXX]

## 网络情况

- **网络类型**：[例如：Wi-Fi, 4G]
- **网络请求详情**：[如果适用]

## 附件

- **屏幕截图/视频**：[如果适用，附加文件或链接]

## 结论

- **原因描述**：[开发说明BUG产生的原因]-必填","2024-07-18 12:10:55","2024-07-18 12:10:55",4,"","New Issues","[]","{'name': 'bug'}, {'name': 'website'}, {'name': 'critical'}","Engineers","[{'title': '主站-问题反馈/优化'}]","[]","{'name': 'Zhang Ryla'}, {'name': 'Iven Zhang'}","[]",4.0
"https://app.zenhub.com/workspaces/64b65bd28a23b42f3ece620a/issues/zh/4132","游客模式  - bot分享  打开成功后 chat list 快捷已经展示了 聊天区域未展示招呼语！-偶现","测试步骤
1.无痕模式 
2.打开链接https://myshell-web-react-git-pre-refactor2-atp-club.vercel.app/bot/uim2eu/1715519972
<img width=""1090"" src=""https://api.zenhub.com/attachedFiles/eyJfcmFpbHMiOnsibWVzc2FnZSI6IkJBaHBBNEF0QlE9PSIsImV4cCI6bnVsbCwicHVyIjoiYmxvYl9pZCJ9fQ==--975f73806bb2c510d507d17d9bb9c06143c4cdd5/image.png"" alt=""image.png"" />
","2024-06-03 17:05:32","2024-06-03 17:14:12",49,"","In Progress","[]","{'name': 'bug'}, {'name': 'server'}, {'name': 'prod issue'}, {'name': 'critical'}","Engineers","[{'title': '主站-问题反馈/优化'}, {'title': 'backend'}]","[]","{'name': 'Tyler-Myshell'}, {'name': 'Xiaolei'}","[{'body': '不能复现'}, {'body': '游客模式\nVisitor-Id:\na9be5c52-b134-4ce7-9b62-2b2496432588\n接口 get_info userid 与 list_history_messages userid 对不上 自动+1\n导致被前端过滤 导致不显示 需要刷新页面\n\n<img width=""928"" src=""https://api.zenhub.com/attachedFiles/eyJfcmFpbHMiOnsibWVzc2FnZSI6IkJBaHBBOHN1QlE9PSIsImV4cCI6bnVsbCwicHVyIjoiYmxvYl9pZCJ9fQ==--459881279d9025abd4cf46de5eec42be6b849406/image.png"" alt=""image.png"" />\n<img width=""676"" src=""https://api.zenhub.com/attachedFiles/eyJfcmFpbHMiOnsibWVzc2FnZSI6IkJBaHBBODB1QlE9PSIsImV4cCI6bnVsbCwicHVyIjoiYmxvYl9pZCJ9fQ==--8ba25b584f8c6582ded14658aad800f30cc933ee/image.png"" alt=""image.png"" />\n'}, {'body': '原因:\n\n前端并发请求接口时, 会查询user_visitor表中visitor-id是否存在, 如果不存在就创建一个user同时绑定user_id和visitor_id的关系,  因为并发请求没有加锁, 导致可能两个线程都查询不在, 最后后一个线程更新了user_id和visitor-id的关系.  导致list_history_messages使用的另一个user-id\n\n\n这个bug是历史遗留bug, 应该去年就存在的, 因为只是影响游客同时不稳定复现, 所以一直没有收到用户反馈'}, {'body': '修复:\n\n加了redis分布式锁, 保证只有一个线程能创建user_visitor记录'}, {'body': '未修复\n<img width=""1199"" src=""https://api.zenhub.com/attachedFiles/eyJfcmFpbHMiOnsibWVzc2FnZSI6IkJBaHBBNkQ0QlE9PSIsImV4cCI6bnVsbCwicHVyIjoiYmxvYl9pZCJ9fQ==--18af17a484878575e20ff48cef3adc1c4f715d8e/image.png"" alt=""image.png"" />\n'}]",48.0
"https://app.zenhub.com/workspaces/64b65bd28a23b42f3ece620a/issues/zh/4752","button禁用样式调整","<img width=""420"" src=""https://api.zenhub.com/attachedFiles/eyJfcmFpbHMiOnsibWVzc2FnZSI6IkJBaHBBKy9VQlE9PSIsImV4cCI6bnVsbCwicHVyIjoiYmxvYl9pZCJ9fQ==--17c9c5130ee26c4f540e6662535304c04e19edd7/image.png"" alt=""image.png"" />
Basic color button（白底蓝字）
禁用状态，
背景色改为Surface/Disabled
文字&icon颜色改为：Surface/Accent/Blue/Subtle

<img width=""398"" src=""https://api.zenhub.com/attachedFiles/eyJfcmFpbHMiOnsibWVzc2FnZSI6IkJBaHBBL0xVQlE9PSIsImV4cCI6bnVsbCwicHVyIjoiYmxvYl9pZCJ9fQ==--9dd73923840c6eb9a5bf1615707be22e6105fac1/image.png"" alt=""image.png"" />
Basic gray button （白底灰字）
禁用状态
背景色改为：Surface/Disabled
文字颜色改为：Text/Disabled
icon颜色改为：Icon/Disabled","2024-07-12 15:24:40","2024-07-12 15:24:40",10,"","In Progress","[]","{'name': 'enhancement'}, {'name': 'minor'}","Engineers","[{'title': '主站-问题反馈/优化'}]","[]","{'name': 'dustin'}, {'name': 'Zhang Ryla'}","[]",9.0
"https://app.zenhub.com/workspaces/64b65bd28a23b42f3ece620a/issues/zh/4704","点击resource bot进入聊天页面展示弹窗一直闪烁！","<img width=""1799"" src=""https://api.zenhub.com/attachedFiles/eyJfcmFpbHMiOnsibWVzc2FnZSI6IkJBaHBBOTdQQlE9PSIsImV4cCI6bnVsbCwicHVyIjoiYmxvYl9pZCJ9fQ==--9456de3535d28393089e79972f2426268ddb3f2f/image.png"" alt=""image.png"" />
","2024-07-11 18:10:40","2024-07-11 18:10:40",11,"","In Progress","[]","{'name': 'bug'}, {'name': 'website'}, {'name': 'critical'}","Engineers","[{'title': '主站-问题反馈/优化'}]","[]","{'name': 'Iven Zhang'}","[]",10.0
"https://app.zenhub.com/workspaces/64b65bd28a23b42f3ece620a/issues/zh/4433","【内部线上反馈_2024_7/3】我的背包资产 linea_eth 文案 i18n 丢失！","## 问题描述

- **具体问题**：
我的背包资产 linea_eth 文案 i18n 丢失
- **操作步骤**：
1.进入我的背包
- **期望结果**：
文案正确
- **实际结果**：
reward_center.reward_redemption_content.rewards.linea_eth.title

## 环境信息

- **操作系统**：Windows 10
- **浏览器/应用版本**：Chrome
- **设备信息**：PC

## 时间戳

- **发生时间**：2024/07/03

## 频率

- **问题频率**：必现
## 用户信息

- **钱包地址**：[0xaeXXXXXXXXXXXXXXXXXXXXX]

## 网络情况

- **网络类型**：XXX
- **网络请求详情**：XXXXX

## 附件

- **屏幕截图/视频**：
<img width=""1391"" src=""https://api.zenhub.com/attachedFiles/eyJfcmFpbHMiOnsibWVzc2FnZSI6IkJBaHBBMDJ2QlE9PSIsImV4cCI6bnVsbCwicHVyIjoiYmxvYl9pZCJ9fQ==--0b99736e4e176f1fdaf4830893c39c3b98d241a0/image.png"" alt=""image.png"" />
## 结论

- **原因描述**：[开发说明BUG产生的原因]-必填

","2024-07-03 21:40:02","2024-07-03 21:42:41",19,"","In Progress","[]","{'name': 'bug'}, {'name': 'website'}, {'name': 'prod issue'}, {'name': 'critical'}","Engineers","[{'title': '主站-问题反馈/优化'}]","[]","{'name': 'maoshuyu666'}","[{'body': '新版奖励中心多语言实现已迁移到后端'}]",18.0
"https://app.zenhub.com/workspaces/64b65bd28a23b42f3ece620a/issues/zh/4039","游客模式 - 当交互类型bot 使用GPT4以后 输入框虽然被禁止 但是依然可以点击按钮进行交互！","<img width=""1669"" src=""https://api.zenhub.com/attachedFiles/eyJfcmFpbHMiOnsibWVzc2FnZSI6IkJBaHBBN0ljQlE9PSIsImV4cCI6bnVsbCwicHVyIjoiYmxvYl9pZCJ9fQ==--28b6055107a47b5b5fab6846366aca7271352153/image.png"" alt=""image.png"" />","2024-05-29 19:52:54","2024-05-29 19:52:54",54,"","In Progress","[]","{'name': 'enhancement'}, {'name': 'prod issue'}, {'name': 'major'}","Engineers","[{'title': '主站-问题反馈/优化'}]","[]","{'name': 'Zhang Jett'}, {'name': 'maoshuyu666'}","[]",53.0
"https://app.zenhub.com/workspaces/64b65bd28a23b42f3ece620a/issues/zh/3172","PC端-聊天框输入时抖动","
[Private Zenhub Video](https://api.zenhub.com/attachedFiles/eyJfcmFpbHMiOnsibWVzc2FnZSI6IkJBaHBBMzA5QkE9PSIsImV4cCI6bnVsbCwicHVyIjoiYmxvYl9pZCJ9fQ==--29ca894c5a2691e1acdaa820211e4e19caee046c/%E5%BD%95%E5%B1%8F2024-04-07%2010.22.24.mov)

如上述视频所示，未输入状态与已输入状态切换时，输入框高度会抖动一下，原因应该是右下角发送按钮的高度与语音视频的icon高度不一致导致，所以统一他们两个的高度为36px，这样就可以避免抖动了","2024-04-07 10:26:33","2024-04-07 10:26:33",106,"","In Progress","[]","{'name': 'enhancement'}, {'name': 'website'}, {'name': 'major'}","Engineers","[{'title': '主站-问题反馈/优化'}]","[]","{'name': 'Zhang Jett'}, {'name': 'dustin'}","[]",106.0
"https://app.zenhub.com/workspaces/64b65bd28a23b42f3ece620a/issues/zh/3009","工坊页-组件tag筛选回归验证！","对其组件tag筛选是否正确
https://www.notion.so/myshellai/widget-tag-2ecb522f20d447e2aba55fc22f1812b3","2024-03-18 10:45:23","2024-03-18 10:47:12",126,"","In Progress","[]","{'name': 'Test case'}","Engineers","[{'title': '主站-问题反馈/优化'}]","[]","{'name': 'kaiyue kaiyue'}","[]",126.0
"https://app.zenhub.com/workspaces/64b65bd28a23b42f3ece620a/issues/zh/1603","bot语音选用阿拉伯语或葡萄牙语时，tts标签 显示有误 未正常更新！","","2023-12-07 13:11:32","2024-03-07 17:38:16",228,"","In Progress","[]","{'name': 'bug'}, {'name': 'server'}, {'name': 'prod issue'}","Engineers","[{'title': '主站-问题反馈/优化'}]","[]","{'name': 'Lisun0819'}, {'name': 'Tyler-Myshell'}","[{'body': '更新\n语言切换为阿拉伯语时 标签未更新\n测试步骤\n1.语言选中日语\n2.语言更换为阿拉伯语/葡萄牙语时\n\nsetting页更新了\nchat 资料卡未更新\n<img width=""454"" src=""https://api.zenhub.com/attachedFiles/eyJfcmFpbHMiOnsibWVzc2FnZSI6IkJBaHBBMEsrQXc9PSIsImV4cCI6bnVsbCwicHVyIjoiYmxvYl9pZCJ9fQ==--ec58469f48693fadf91a55a52897ed4fe0783364/image.png"" alt=""image.png"" />\n'}]",228.0
"https://app.zenhub.com/workspaces/64b65bd28a23b42f3ece620a/issues/gh/myshell-ai/organics/1410","创建新bot移除 text语言标签 && 移除所有bot上的text标签类型","","2024-01-10 12:07:33","2024-01-10 12:07:33",194,"","In Progress","[]","","organics","[{'title': '主站-问题反馈/优化'}]","[{'name': None}]","","[]",194.0
"https://app.zenhub.com/workspaces/64b65bd28a23b42f3ece620a/issues/zh/4866","chat bot聊天更多菜单样式错误！","## 问题描述

- **具体问题**：详细描述遇到的问题。
- **操作步骤**：用户执行的操作步骤。
- **期望结果**：用户期望看到的结果。
- **实际结果**：实际出现的结果。
<img width=""720"" src=""https://api.zenhub.com/attachedFiles/eyJfcmFpbHMiOnsibWVzc2FnZSI6IkJBaHBBMHpuQlE9PSIsImV4cCI6bnVsbCwicHVyIjoiYmxvYl9pZCJ9fQ==--903fa70dda073d3167814708f7111d1ae433c0e5/image.png"" alt=""image.png"" />

## 环境信息

- **操作系统**：[例如：Windows 10, macOS Catalina, Ubuntu 18.04]
- **浏览器/应用版本**：[例如：Chrome 88, Safari 14]
- **设备信息**：[例如：PC, iPad Pro, Samsung Galaxy S10]

## 时间戳

- **发生时间**：[具体日期和时间]

## 频率

- **问题频率**：[例如：每次、偶尔发生]

## 用户信息

- **钱包地址**：[0xaeXXXXXXXXXXXXXXXXXXXXX]

## 网络情况

- **网络类型**：[例如：Wi-Fi, 4G]
- **网络请求详情**：[如果适用]

## 附件

- **屏幕截图/视频**：[如果适用，附加文件或链接]

## 结论

- **原因描述**：[开发说明BUG产生的原因]-必填","2024-07-17 15:11:10","2024-07-17 15:11:10",5,"","Reject/QA","[]","{'name': 'bug'}, {'name': 'website'}, {'name': 'major'}","Engineers","[{'title': '主站-问题反馈/优化'}]","[]","{'name': 'dustin'}, {'name': 'Zhang Ryla'}","[{'body': '分支测试：https://myshell-web-react-git-dev-patron-badge.myshell.fun/'}, {'body': '<img width=""562"" src=""https://api.zenhub.com/attachedFiles/eyJfcmFpbHMiOnsibWVzc2FnZSI6IkJBaHBBeTcwQlE9PSIsImV4cCI6bnVsbCwicHVyIjoiYmxvYl9pZCJ9fQ==--1a6fa7c4a3b7b2b96e97cc4dc2c22a3a2fbd21d7/image.png"" alt=""image.png"" />\n从列表移除按钮错位了'}, {'body': '同时删除按钮应该图标和文字都是红色的'}]",""
"https://app.zenhub.com/workspaces/64b65bd28a23b42f3ece620a/issues/zh/4431","Bot支持upload文件的选项时 选择jpg 提示不支持的文件类型","测试步骤：
1、清空聊天记录后上传图片
2、 提示不支持的文件类型

<img width=""1632"" src=""https://api.zenhub.com/attachedFiles/eyJfcmFpbHMiOnsibWVzc2FnZSI6IkJBaHBBMjJwQlE9PSIsImV4cCI6bnVsbCwicHVyIjoiYmxvYl9pZCJ9fQ==--392326328fcdab0ca1b1e14f65554df61a868acd/image.png"" alt=""image.png"" />

图片链接：
<img width=""492"" src=""https://api.zenhub.com/attachedFiles/eyJfcmFpbHMiOnsibWVzc2FnZSI6IkJBaHBBM2FwQlE9PSIsImV4cCI6bnVsbCwicHVyIjoiYmxvYl9pZCJ9fQ==--12a74428c44792526e61a9b5b2dd340244d794d5/18%E5%B2%81%20-%20%E5%89%AF%E6%9C%AC%20%281%29.jpg"" alt=""18岁 - 副本 (1).jpg"" />
","2024-07-02 22:23:11","2024-07-02 22:23:11",20,"","Reject/QA","[]","{'name': 'bug'}, {'name': 'website'}, {'name': 'prod issue'}, {'name': 'critical'}","Engineers","[{'title': '主站-问题反馈/优化'}]","[]","{'name': 'Chen Boyn'}, {'name': 'kaiyue kaiyue'}, {'name': 'Joe Jing'}","[{'body': '可以录屏看看嘛，我没有复现\n'}, {'body': '清理上下文后，也存在这个问题吗'}, {'body': '测试环境：https://myshell-web-react-git-dev-joe-debug.myshell.fun/'}, {'body': '测试环境生图bot上传图片仍提示不支持\n<img width=""720"" src=""https://api.zenhub.com/attachedFiles/eyJfcmFpbHMiOnsibWVzc2FnZSI6IkJBaHBBN0t5QlE9PSIsImV4cCI6bnVsbCwicHVyIjoiYmxvYl9pZCJ9fQ==--7dd438bbda1ccf949306cc59088b9d964674d202/image.png"" alt=""image.png"" />\n\nbot链接：\nhttps://myshell-web-react-git-dev-joe-debug.myshell.fun/zh/chat/1719977545'}, {'body': '<img width=""1134"" src=""https://api.zenhub.com/attachedFiles/eyJfcmFpbHMiOnsibWVzc2FnZSI6IkJBaHBBK3E2QlE9PSIsImV4cCI6bnVsbCwicHVyIjoiYmxvYl9pZCJ9fQ==--63d650365b04f397d356782b179467157543fd26/image.png"" alt=""image.png"" />\n'}]",""
"https://app.zenhub.com/workspaces/64b65bd28a23b42f3ece620a/issues/zh/4371","照片墙传文件时命名过长的话会失败","上传图片：
<img width=""800"" src=""https://api.zenhub.com/attachedFiles/eyJfcmFpbHMiOnsibWVzc2FnZSI6IkJBaHBBeUdTQlE9PSIsImV4cCI6bnVsbCwicHVyIjoiYmxvYl9pZCJ9fQ==--40501ad068f4012903b5cfad473d4af575582c81/finn0225_tokyo_tower_spring_breeze_at_noon_anime_style_--niji_2d82ff36-74bc-4b04-badc-badff8c8b0ab_0.png"" alt=""finn0225_tokyo_tower_spring_breeze_at_noon_anime_style_--niji_2d82ff36-74bc-4b04-badc-badff8c8b0ab_0.png"" />

上传后展示：
<img width=""720"" src=""https://api.zenhub.com/attachedFiles/eyJfcmFpbHMiOnsibWVzc2FnZSI6IkJBaHBBeU9TQlE9PSIsImV4cCI6bnVsbCwicHVyIjoiYmxvYl9pZCJ9fQ==--b213cd6927f2ce6ad9d43166cfd782ecfcf58dbd/image.png"" alt=""image.png"" />
","2024-06-26 17:04:10","2024-06-27 17:56:00",26,"","Reject/QA","[]","{'name': 'bug'}, {'name': 'server'}, {'name': 'prod issue'}, {'name': 'major'}","Engineers","[{'title': '主站-问题反馈/优化'}]","[]","{'name': 'Chen Boyn'}, {'name': 'kaiyue kaiyue'}, {'name': None}","[{'body': '已修复，pr: https://github.com/myshell-ai/organics/pull/3196'}, {'body': '文件名长度520的文件上传后没有任何toast报错'}]",""
"https://app.zenhub.com/workspaces/64b65bd28a23b42f3ece620a/issues/zh/3812","web3 发送消息过长  导致发送失败 提示错误 ！","<img width=""892"" src=""https://api.zenhub.com/attachedFiles/eyJfcmFpbHMiOnsibWVzc2FnZSI6IkJBaHBBM2ptQkE9PSIsImV4cCI6bnVsbCwicHVyIjoiYmxvYl9pZCJ9fQ==--20a63cb373b57f58aee232a81fdf9eface060820/image.png"" alt=""image.png"" />
","2024-05-16 15:44:09","2024-05-16 15:45:31",67,"","Reject/QA","[]","{'name': 'bug'}, {'name': 'website'}","Engineers","[{'title': '主站-问题反馈/优化'}]","[]","{'name': 'Lisun0819'}, {'name': 'Iven Zhang'}","[{'body': 'app-test.myshell.ai'}, {'body': '未修复\n\n\n[Private Zenhub Video](https://api.zenhub.com/attachedFiles/eyJfcmFpbHMiOnsibWVzc2FnZSI6IkJBaHBBM0FhQlE9PSIsImV4cCI6bnVsbCwicHVyIjoiYmxvYl9pZCJ9fQ==--7e2d5df74ca802b40cdad52ba71a17279fb4b683/QQ2024529-93113.mp4)\n\n***'}]",""
"https://app.zenhub.com/workspaces/64b65bd28a23b42f3ece620a/issues/zh/4453","bot回复后未展示报错提示","
<img width=""720"" src=""https://api.zenhub.com/attachedFiles/eyJfcmFpbHMiOnsibWVzc2FnZSI6IkJBaHBBODZ6QlE9PSIsImV4cCI6bnVsbCwicHVyIjoiYmxvYl9pZCJ9fQ==--2ad695f4d2db86cb2aeef959ead97d2b5bf69a0d/image.png"" alt=""image.png"" />

消息记录分享链接：
https://app.myshell.ai/share/uQ7zqq","2024-07-04 16:38:28","2024-07-09 10:54:58",18,5.0,"Done","[]","{'name': 'bug'}, {'name': 'website'}, {'name': 'prod issue'}, {'name': 'critical'}","Engineers","[{'title': '主站-问题反馈/优化'}]","[]","{'name': 'Lisun0819'}, {'name': 'Kun Liang'}","[{'body': '验收环境：https://myshell-web-react-git-dev-bug.myshell.fun/zh/explore'}, {'body': '{\n  ""id"": ""voice_widget_template"",\n  ""initial"": ""home_state"",\n  ""states"": {\n    ""home_state"": {\n      ""render"": {\n        ""text"": ""choose display error type"",\n        ""buttons"": [\n          {\n            ""content"": ""Engine Error"",\n            ""description"": """",\n            ""on_click"": ""ee""\n          },\n          {\n            ""content"": ""Component Error"",\n            ""description"": """",\n            ""on_click"": ""ce""\n          },\n          {\n            ""content"": ""LLM Token too long Error"",\n            ""description"": """",\n            ""on_click"": ""le""\n          }\n        ]\n      },\n      ""transitions"": {\n        ""ce"": ""ce"",\n        ""ee"": ""ee"",\n        ""le"": ""le""\n      }\n    },\n    ""ee"": {\n      ""render"": {\n        ""text"": ""{{llm_result.123}}"" // it\'s a string of user input text.\n      }\n    },\n    ""le"": {\n      ""tasks"": [\n        {\n          ""name"": ""llm_widget_example_task"",\n          ""module_type"": ""AnyWidgetModule"",\n          ""module_config"": {\n            ""widget_id"": ""1744214024104448199"",\n            ""user_prompt"": {\n              ""text"": ""hihi"",\n            }, // the text inputted into prompt widget, you can get it from user input or upper state\n            ""system_prompt"": ""Act as ..."", // Optional field. You can input system prompt of bot.\n            ""top_p"": 0.5, // Optional field. Default value is 0.5\n            ""temperature"": 0.5, // Optional field. Default value is 0.5\n            ""frequency_penalty"": 0, // Optional field. Default value is 0\n            ""presence_penalty"": 0, // Optional field. Default value is 0\n            ""max_tokens"": 1024, // Optional field. Default value is 1024\n            ""memory"": ""{{[]}}"", // Optional field. Default value is empty array. You can fill memory in it like OpenAi Api\n            ""output_name"": ""result""\n          }\n        }\n      ]\n    },\n    ""ce"": {\n      ""inputs"": {\n        ""read_text"": {\n          ""type"": ""text"",\n          ""user_input"": true\n        }\n      },\n      ""tasks"": [\n        {\n          ""name"": ""llm_widget_example_task"",\n          ""module_type"": ""AnyWidgetModule"",\n          ""module_config"": {\n            ""widget_id"": ""1744214024104448199"",\n            ""user_prompt"": {\n              ""text"": ""hi""\n            }, // the text inputted into prompt widget, you can get it from user input or upper state\n            ""system_prompt"": ""Act as ..."", // Optional field. You can input system prompt of bot.\n            ""top_p"": 0.5, // Optional field. Default value is 0.5\n            ""temperature"": 0.5, // Optional field. Default value is 0.5\n            ""frequency_penalty"": 0, // Optional field. Default value is 0\n            ""presence_penalty"": 0, // Optional field. Default value is 0\n            ""max_tokens"": 1024, // Optional field. Default value is 1024\n            ""memory"": ""{{[]}}"", // Optional field. Default value is empty array. You can fill memory in it like OpenAi Api\n            ""output_name"": ""llm_result""\n          }\n        },\n        {\n          ""name"": ""tts_widget_example_task"",\n          ""module_type"": ""AnyWidgetModule"",\n          ""module_config"": {\n            ""widget_id"": ""1744008029948350464"",\n            ""content"": """", // the text to be read by voice widget, you can get it from user input or upper state\n            ""output_name"": ""result""\n          }\n        }\n      ],\n      ""render"": {\n        ""text"": ""{{llm_result}}"", // it\'s a string of user input text.\n        ""audio"": ""{{result}}"", // it\'s a url produced by voice widget.\n        ""buttons"": [\n          {\n            ""content"": ""Listen Again"",\n            ""description"": """",\n            ""on_click"": ""listen""\n          }\n        ]\n      },\n      ""transitions"": {\n        ""listen"": ""home_state"",\n        ""CHAT"": ""home_state""\n      }\n    }\n  }\n}'}, {'body': '<img width=""1354"" src=""https://api.zenhub.com/attachedFiles/eyJfcmFpbHMiOnsibWVzc2FnZSI6IkJBaHBBeVhSQlE9PSIsImV4cCI6bnVsbCwicHVyIjoiYmxvYl9pZCJ9fQ==--332060979abeb6666459e359072728d5a4b892d0/image.png"" alt=""image.png"" />\n'}]",""
"https://app.zenhub.com/workspaces/64b65bd28a23b42f3ece620a/issues/zh/4452","创作者配置proconfig的报错提示优化","<img width=""720"" src=""https://api.zenhub.com/attachedFiles/eyJfcmFpbHMiOnsibWVzc2FnZSI6IkJBaHBBNTZ6QlE9PSIsImV4cCI6bnVsbCwicHVyIjoiYmxvYl9pZCJ9fQ==--21aff051894765bc7219300b16fb5bdef5146a99/image.png"" alt=""image.png"" />

proconfig：
[message.txt](https://api.zenhub.com/attachedFiles/eyJfcmFpbHMiOnsibWVzc2FnZSI6IkJBaHBBNSt6QlE9PSIsImV4cCI6bnVsbCwicHVyIjoiYmxvYl9pZCJ9fQ==--752f9c78668b49aae6f8ef6bc2537cab81560ac5/message.txt)
","2024-07-04 16:01:42","2024-07-04 16:01:42",18,0.0,"Done","[]","{'name': 'enhancement'}, {'name': 'server'}, {'name': 'prod issue'}","Engineers","[{'title': '主站-问题反馈/优化'}]","[]","{'name': 'Fan Jack'}, {'name': 'kaiyue kaiyue'}, {'name': 'Kun Liang'}","[{'body': '验收环境：https://myshell-web-react-git-dev-bug.myshell.fun/zh/explore'}, {'body': '测试验收通过，测试结果如下：\n\n<img width=""1460"" src=""https://api.zenhub.com/attachedFiles/eyJfcmFpbHMiOnsibWVzc2FnZSI6IkJBaHBBNTdKQlE9PSIsImV4cCI6bnVsbCwicHVyIjoiYmxvYl9pZCJ9fQ==--9bed500c8a9cc833ea40456dd1bd1e1057ed134f/image.png"" alt=""image.png"" />\n'}]",""
"https://app.zenhub.com/workspaces/64b65bd28a23b42f3ece620a/issues/zh/4322","工坊页 - 工具箱bot没有参与搜索联动 导致搜索结果会被遮挡！ ","## 问题描述
- **具体问题**：
工具箱bot没有参与搜索联动 导致搜索结果会被遮挡！
- **操作步骤**：
1.去到工坊页
2.list列表进行搜索

- **期望结果**：
工具箱bot不展示
- **实际结果**：实际出现的结果。
工具箱bot展示
## 环境信息
- **操作系统**：
 Windows 10
- **浏览器/应用版本**：XX
- **设备信息**：XX
## 时间戳
- **发生时间**：2024/6/23
## 频率
- **问题频率**：必现
## 用户信息
- **钱包地址*：XX
## 网络情况
- **网络类型**：XX
- **网络请求详情**：XX
## 附件
- **屏幕截图/视频**：
-<img width=""484"" src=""https://api.zenhub.com/attachedFiles/eyJfcmFpbHMiOnsibWVzc2FnZSI6IkJBaHBBK09FQlE9PSIsImV4cCI6bnVsbCwicHVyIjoiYmxvYl9pZCJ9fQ==--49599f16d5ce79c36080ad9c3b25bcca64f444ed/image.png"" alt=""image.png"" />
","2024-06-24 08:06:52","2024-06-24 08:06:52",28,0.0,"Done","[]","{'name': 'bug'}, {'name': 'prod issue'}, {'name': 'critical'}","Engineers","[{'title': '主站-问题反馈/优化'}]","[]","{'name': 'Lisun0819'}, {'name': 'Kun Liang'}, {'name': 'Joe Jing'}","[{'body': '验收环境：https://myshell-web-react-git-dev-bug.myshell.fun/zh/explore'}]",""
"https://app.zenhub.com/workspaces/64b65bd28a23b42f3ece620a/issues/zh/4455","创作者配置更新proconfig后运行出现系统报错","## 问题描述

- **具体问题**：创作者配置更新proconfig后运行出现系统报错
- **操作步骤**：更新proconfig后执行
- **期望结果**：正常使用
- **实际结果**：异常出现系统报错

## 环境信息

- **操作系统**：[Windows 10]
- **浏览器/应用版本**：[Chrome ]
- **设备信息**：[PC]

## 时间戳

- **发生时间**：[2024/7/4]

## 频率

- **问题频率**：[必现]

## 用户信息

- **钱包地址**：[无]

## 网络情况

- **网络类型**：[Wi-Fi]

## 附件

- **屏幕截图/视频**：
<img width=""720"" src=""https://api.zenhub.com/attachedFiles/eyJfcmFpbHMiOnsibWVzc2FnZSI6IkJBaHBBN1N6QlE9PSIsImV4cCI6bnVsbCwicHVyIjoiYmxvYl9pZCJ9fQ==--f88f71d956ad925c0fc10bbff5055fbfa9e4a589/image.png"" alt=""image.png"" />

proconfig：
[message.txt](https://api.zenhub.com/attachedFiles/eyJfcmFpbHMiOnsibWVzc2FnZSI6IkJBaHBBN2F6QlE9PSIsImV4cCI6bnVsbCwicHVyIjoiYmxvYl9pZCJ9fQ==--5e283ae984e109721f172126d73c84b7b0d352c4/message.txt)

## 结论
- **原因描述**：[开发说明BUG产生的原因]-必填
","2024-07-04 16:45:45","2024-07-04 16:45:45",18,0.0,"Done","[]","{'name': 'bug'}, {'name': 'server'}, {'name': 'prod issue'}, {'name': 'critical'}","Engineers","[{'title': '主站-问题反馈/优化'}]","[]","{'name': 'Chen Boyn'}, {'name': 'Bojie'}","[{'body': '原因描述: 在更新Proconfig 的Input Name的时候 没有同时对字段名做兼容. 导致用户在设置了Input.Name的时候, 会出现字段不一致的问题'}, {'body': '测试验收通过，测试结果如下：\n\n<img width=""1500"" src=""https://api.zenhub.com/attachedFiles/eyJfcmFpbHMiOnsibWVzc2FnZSI6IkJBaHBBMzI4QlE9PSIsImV4cCI6bnVsbCwicHVyIjoiYmxvYl9pZCJ9fQ==--d55dd424b6c786e8263e3fcff6050577d951f533/image.png"" alt=""image.png"" />\n'}]",""
"https://app.zenhub.com/workspaces/64b65bd28a23b42f3ece620a/issues/zh/4425","pro-config行数过万时行号展示样式不对","<img width=""720"" src=""https://api.zenhub.com/attachedFiles/eyJfcmFpbHMiOnsibWVzc2FnZSI6IkJBaHBBMXVpQlE9PSIsImV4cCI6bnVsbCwicHVyIjoiYmxvYl9pZCJ9fQ==--37b07efcb9c34e166a4e29031ad7e56b274bfdd4/image.png"" alt=""image.png"" />
","2024-07-01 17:44:46","2024-07-01 17:44:46",21,0.0,"Done","[]","{'name': 'bug'}, {'name': 'website'}, {'name': 'prod issue'}, {'name': 'major'}","Engineers","[{'title': '主站-问题反馈/优化'}]","[]","{'name': 'Lisun0819'}, {'name': 'Joe Jing'}","[{'body': '测试环境：https://myshell-web-react-git-dev-joe-debug.myshell.fun/'}]",""
"https://app.zenhub.com/workspaces/64b65bd28a23b42f3ece620a/issues/zh/4325","discord已经绑定未显示对勾","<img width=""718"" src=""https://api.zenhub.com/attachedFiles/eyJfcmFpbHMiOnsibWVzc2FnZSI6IkJBaHBBK1NGQlE9PSIsImV4cCI6bnVsbCwicHVyIjoiYmxvYl9pZCJ9fQ==--3116e7c6a09f97ec99508753bdba365b019abe66/image.png"" alt=""image.png"" />
","2024-06-24 15:18:51","2024-06-24 15:18:51",28,0.0,"Done","[]","{'name': 'bug'}, {'name': 'website'}, {'name': 'prod issue'}, {'name': 'major'}","Engineers","[{'title': '主站-问题反馈/优化'}]","[]","{'name': 'Lisun0819'}, {'name': 'Kun Liang'}","[{'body': '修复了，https://myshell-web-react-git-dev-widget.myshell.fun/zh/profile\n这个是不是只能线上验收？'}, {'body': '已修复\n<img width=""1369"" src=""https://api.zenhub.com/attachedFiles/eyJfcmFpbHMiOnsibWVzc2FnZSI6IkJBaHBBeVNSQlE9PSIsImV4cCI6bnVsbCwicHVyIjoiYmxvYl9pZCJ9fQ==--826206a6c45c38a30f0b25408c18595ff1999e1c/image.png"" alt=""image.png"" />\n'}]",""
"https://app.zenhub.com/workspaces/64b65bd28a23b42f3ece620a/issues/zh/4115","Markdown 渲染的图片样式及显示优化","当前实现效果：
<img width=""2000"" src=""https://api.zenhub.com/attachedFiles/eyJfcmFpbHMiOnsibWVzc2FnZSI6IkJBaHBBNjhzQlE9PSIsImV4cCI6bnVsbCwicHVyIjoiYmxvYl9pZCJ9fQ==--3e94034a29386055e4a6ffea0e70650fc783c3b0/image.png"" alt=""image.png"" />

预期效果：图片增加12px的圆角，图片距离上下的间距改为12px，具体请参考下方效果图


效果图链接：
https://www.figma.com/design/6bkMMcxTUOv1LeDndV3yKQ/%F0%9F%92%AC-Chat-Flow?node-id=11309-186900&t=KHxhSll0OvwXMdwb-1","2024-06-03 14:04:11","2024-06-03 14:04:11",49,0.0,"Done","[]","{'name': 'enhancement'}, {'name': 'major'}","Engineers","[{'title': '主站-问题反馈/优化'}]","[]","{'name': 'dustin'}, {'name': 'Kun Liang'}","[{'body': '这个你之前提的时候，我就直接处理上线了，单子关掉了～'}]",""
"https://app.zenhub.com/workspaces/64b65bd28a23b42f3ece620a/issues/zh/4313"," GPT 4o 和 GPT 4 的 widget 无法交互","- **具体问题**：GPT 4o 和 GPT 4 的 widget 无法交互
- **操作步骤**：打开组件广场搜索GPT4o和GPT4 聊天输入框被禁用
- **期望结果**：正常交互
## 环境信息
- **操作系统**：Windows 10
- **浏览器/应用版本**：版本 125.0.6422.142（正式版本）
- **设备信息**：Chrome
## 时间戳
- **发生时间**：6/21
## 频率
- **问题频率**：必现","2024-06-21 11:41:43","2024-06-21 11:41:43",31,0.0,"Done","[]","{'name': 'bug'}, {'name': 'server'}, {'name': 'prod issue'}, {'name': 'critical'}","Engineers","[{'title': '主站-问题反馈/优化'}]","[]","{'name': 'kaiyue kaiyue'}, {'name': 'Joe Jing'}","[]",""
"https://app.zenhub.com/workspaces/64b65bd28a23b42f3ece620a/issues/gh/myshell-ai/myshell_web_react/4770","安全：Chat会话对用户input输入内容中的html进行转义","背景：https://myshellhq.slack.com/archives/C06LK1GDBM0/p1718268570155229","2024-06-19 19:59:21","2024-06-20 11:33:51",33,1.0,"Done","[]","","myshell_web_react","[{'title': '主站-问题反馈/优化'}]","[{'name': None}, {'name': None}]","","[]",""
"https://app.zenhub.com/workspaces/64b65bd28a23b42f3ece620a/issues/zh/4239","探索页 第一次添加某个bot至chat list 左侧loading丢失！","预期：
<img width=""1346"" src=""https://api.zenhub.com/attachedFiles/eyJfcmFpbHMiOnsibWVzc2FnZSI6IkJBaHBBN2RYQlE9PSIsImV4cCI6bnVsbCwicHVyIjoiYmxvYl9pZCJ9fQ==--f27c3a078557d2cd367e85389de465dc60ac940b/image.png"" alt=""image.png"" />

实际：
<img width=""1264"" src=""https://api.zenhub.com/attachedFiles/eyJfcmFpbHMiOnsibWVzc2FnZSI6IkJBaHBBN1pYQlE9PSIsImV4cCI6bnVsbCwicHVyIjoiYmxvYl9pZCJ9fQ==--25bbc3b2306898d4f5d9064a473be13496beec31/image.png"" alt=""image.png"" />
","2024-06-12 16:42:20","2024-06-12 16:42:20",40,0.0,"Done","[]","{'name': 'bug'}, {'name': 'major'}, {'name': 'critical'}","Engineers","[{'title': '主站-问题反馈/优化'}]","[]","{'name': 'Lisun0819'}, {'name': 'Kun Liang'}","[]",""
"https://app.zenhub.com/workspaces/64b65bd28a23b42f3ece620a/issues/zh/4230","移动端 - 钱包登录 个人中心页 登录账户超出区域与复制按钮重叠！","<img width=""303"" src=""https://api.zenhub.com/attachedFiles/eyJfcmFpbHMiOnsibWVzc2FnZSI6IkJBaHBBMWRYQlE9PSIsImV4cCI6bnVsbCwicHVyIjoiYmxvYl9pZCJ9fQ==--a81b7d3eb8f1cc2a495e9d2f4755c6609fc1355c/image.png"" alt=""image.png"" />
","2024-06-12 15:32:40","2024-06-12 15:32:40",40,0.0,"Done","[]","{'name': 'bug'}, {'name': 'website'}, {'name': 'prod issue'}, {'name': 'major'}","Engineers","[{'title': '主站-问题反馈/优化'}]","[]","{'name': 'Lisun0819'}, {'name': 'maoshuyu666'}, {'name': 'Kun Liang'}","[{'body': 'myshell-web-react-git-fix-some-bugs.myshell.fun'}]",""
"https://app.zenhub.com/workspaces/64b65bd28a23b42f3ece620a/issues/zh/3585","登录弹窗- Google icon调整","当前实现效果：
<img width=""1081"" src=""https://api.zenhub.com/attachedFiles/eyJfcmFpbHMiOnsibWVzc2FnZSI6IkJBaHBBMStiQkE9PSIsImV4cCI6bnVsbCwicHVyIjoiYmxvYl9pZCJ9fQ==--757025332d427c9d32118609b2945ec12e92fa78/image.png"" alt=""image.png"" />

预期效果：
<img width=""1408"" src=""https://api.zenhub.com/attachedFiles/eyJfcmFpbHMiOnsibWVzc2FnZSI6IkJBaHBBMkNiQkE9PSIsImV4cCI6bnVsbCwicHVyIjoiYmxvYl9pZCJ9fQ==--3287b7649219774af24f2c4a2987f515a6ff6258/image.png"" alt=""image.png"" />
如图所示，Google icon应向Metamask&okx 图标一样增加一个外描边

效果图链接：
https://www.figma.com/file/HVrgYaL5vulcunQJ12FG5M/Final-Page?type=design&node-id=11376%3A116149&mode=design&t=foewmx9RpOXr0QIc-1","2024-04-28 13:58:38","2024-04-28 13:58:38",85,0.0,"Done","[]","{'name': 'enhancement'}, {'name': 'major'}","Engineers","[{'title': '主站-问题反馈/优化'}]","[]","{'name': 'dustin'}, {'name': 'kaiyue kaiyue'}, {'name': 'Iven Zhang'}","[]",""
